지점명,시도시군구,발생건수,사상자수,사망자수,중상자수,경상자수,위도,경도,구역폴리곤,연도
서울 성동구 하왕십리동(왕십리제2동주민센터 부근),서울 성동구1,3,3,0,0,2,37.562774515246,127.032428219112,"{""type"":""Polygon"",""coordinates"":[[[127.03422485,37.5625438],[127.03419033,37.56226478],[127.03408809,37.56199649],[127.03392206,37.56174922],[127.03369863,37.5615325],[127.03342637,37.56135463],[127.03311576,37.56122247],[127.03277872,37.56114108],[127.03242822,37.5611136],[127.03207771,37.56114108],[127.03174068,37.56122247],[127.03143006,37.56135463],[127.03115781,37.5615325],[127.03093438,37.56174922],[127.03076835,37.56199649],[127.03066611,37.56226478],[127.03063159,37.5625438],[127.03066611,37.56282281],[127.03076835,37.5630911],[127.03093438,37.56333836],[127.03115781,37.56355508],[127.03143006,37.56373294],[127.03174068,37.5638651],[127.03207771,37.56394649],[127.03242822,37.56397397],[127.03277872,37.56394649],[127.03311576,37.5638651],[127.03342637,37.56373294],[127.03369863,37.56355508],[127.03392206,37.56333836],[127.03408809,37.5630911],[127.03419033,37.56282281],[127.03422485,37.5625438]]]}",2023
서울 성동구 행당동(무학여고앞교차로 부근),서울 성동구2,2,4,1,1,2,37.558397579061,127.034371289621,"{""type"":""Polygon"",""coordinates"":[[[127.03616792,37.55816692],[127.0361334,37.55788788],[127.03603116,37.55761957],[127.03586513,37.5573723],[127.0356417,37.55715556],[127.03536944,37.55697768],[127.03505883,37.55684551],[127.03472179,37.55676412],[127.03437129,37.55673663],[127.03402078,37.55676412],[127.03368375,37.55684551],[127.03337314,37.55697768],[127.03310088,37.55715556],[127.03287745,37.5573723],[127.03271142,37.55761957],[127.03260918,37.55788788],[127.03257466,37.55816692],[127.03260918,37.55844595],[127.03271142,37.55871425],[127.03287745,37.55896153],[127.03310088,37.55917826],[127.03337314,37.55935613],[127.03368375,37.5594883],[127.03402078,37.55956969],[127.03437129,37.55959717],[127.03472179,37.55956969],[127.03505883,37.5594883],[127.03536944,37.55935613],[127.0356417,37.55917826],[127.03586513,37.55896153],[127.03603116,37.55871425],[127.0361334,37.55844595],[127.03616792,37.55816692]]]}",2023
서울 영등포구 영등포동7가(서울영중초등학교 부근),서울 영등포구1,3,3,0,0,2,37.524034962551,126.903409725048,"{""type"":""Polygon"",""coordinates"":[[[126.90520636,37.52380473],[126.90517183,37.52352557],[126.9050696,37.52325714],[126.90490357,37.52300974],[126.90468013,37.5227929],[126.90440788,37.52261495],[126.90409727,37.52248271],[126.90376023,37.52240128],[126.90340973,37.52237379],[126.90305922,37.52240128],[126.90272218,37.52248271],[126.90241157,37.52261495],[126.90213932,37.5227929],[126.90191588,37.52300974],[126.90174985,37.52325714],[126.90164762,37.52352557],[126.90161309,37.52380473],[126.90164762,37.52408389],[126.90174985,37.52435233],[126.90191588,37.52459971],[126.90213932,37.52481655],[126.90241157,37.5249945],[126.90272218,37.52512673],[126.90305922,37.52520816],[126.90340973,37.52523565],[126.90376023,37.52520816],[126.90409727,37.52512673],[126.90440788,37.5249945],[126.90468013,37.52481655],[126.90490357,37.52459971],[126.9050696,37.52435233],[126.90517183,37.52408389],[126.90520636,37.52380473]]]}",2023
서울 관악구 신림동(미성어린이집 부근),서울 관악구1,3,4,0,0,4,37.483415602931,126.901919735918,"{""type"":""Polygon"",""coordinates"":[[[126.90371637,37.48318589],[126.90368184,37.48290657],[126.90357961,37.48263799],[126.90341358,37.48239046],[126.90319015,37.4821735],[126.90291789,37.48199545],[126.90260728,37.48186314],[126.90227024,37.48178166],[126.90191974,37.48175415],[126.90156923,37.48178166],[126.9012322,37.48186314],[126.90092158,37.48199545],[126.90064933,37.4821735],[126.90042589,37.48239046],[126.90025987,37.48263799],[126.90015763,37.48290657],[126.90012311,37.48318589],[126.90015763,37.4834652],[126.90025987,37.48373378],[126.90042589,37.4839813],[126.90064933,37.48419826],[126.90092158,37.48437631],[126.9012322,37.48450861],[126.90156923,37.48459008],[126.90191974,37.48461759],[126.90227024,37.48459008],[126.90260728,37.48450861],[126.90291789,37.48437631],[126.90319015,37.48419826],[126.90341358,37.4839813],[126.90357961,37.48373378],[126.90368184,37.4834652],[126.90371637,37.48318589]]]}",2023
서울 송파구 방이동(올림픽공원동문교차로 부근),서울 송파구1,3,9,0,0,9,37.515559906825,127.130920843353,"{""type"":""Polygon"",""coordinates"":[[[127.13271747,37.51532978],[127.13268295,37.51505059],[127.13258071,37.51478212],[127.13241469,37.5145347],[127.13219125,37.51431784],[127.131919,37.51413986],[127.13160838,37.51400761],[127.13127135,37.51392617],[127.13092084,37.51389867],[127.13057034,37.51392617],[127.1302333,37.51400761],[127.12992269,37.51413986],[127.12965043,37.51431784],[127.129427,37.5145347],[127.12926097,37.51478212],[127.12915873,37.51505059],[127.12912421,37.51532978],[127.12915873,37.51560898],[127.12926097,37.51587744],[127.129427,37.51612486],[127.12965043,37.51634172],[127.12992269,37.51651969],[127.1302333,37.51665193],[127.13057034,37.51673337],[127.13092084,37.51676087],[127.13127135,37.51673337],[127.13160838,37.51665193],[127.131919,37.51651969],[127.13219125,37.51634172],[127.13241469,37.51612486],[127.13258071,37.51587744],[127.13268295,37.51560898],[127.13271747,37.51532978]]]}",2023
서울 강동구 명일동(동부기술교육원교차로 부근),서울 강동구1,3,5,0,0,5,37.554741728674,127.142759513403,"{""type"":""Polygon"",""coordinates"":[[[127.14455614,37.55451111],[127.14452162,37.55423207],[127.14441938,37.55396374],[127.14425336,37.55371645],[127.14402992,37.5534997],[127.14375767,37.55332182],[127.14344705,37.55318964],[127.14311002,37.55310824],[127.14275951,37.55308076],[127.14240901,37.55310824],[127.14207197,37.55318964],[127.14176136,37.55332182],[127.1414891,37.5534997],[127.14126567,37.55371645],[127.14109964,37.55396374],[127.1409974,37.55423207],[127.14096288,37.55451111],[127.1409974,37.55479016],[127.14109964,37.55505848],[127.14126567,37.55530576],[127.1414891,37.55552251],[127.14176136,37.55570039],[127.14207197,37.55583256],[127.14240901,37.55591395],[127.14275951,37.55594144],[127.14311002,37.55591395],[127.14344705,37.55583256],[127.14375767,37.55570039],[127.14402992,37.55552251],[127.14425336,37.55530576],[127.14441938,37.55505848],[127.14452162,37.55479016],[127.14455614,37.55451111]]]}",2023
경기 광명시 노온사동(능촌사거리 부근),경기 광명시1,3,3,0,0,3,37.440844649752,126.846390132283,"{""type"":""Polygon"",""coordinates"":[[[126.84818676,37.44061547],[126.84815224,37.44033599],[126.84805,37.44006726],[126.84788398,37.43981959],[126.84766054,37.4396025],[126.84738829,37.43942435],[126.84707767,37.43929196],[126.84674064,37.43921044],[126.84639013,37.43918291],[126.84603963,37.43921044],[126.84570259,37.43929196],[126.84539198,37.43942435],[126.84511972,37.4396025],[126.84489629,37.43981959],[126.84473026,37.44006726],[126.84462802,37.44033599],[126.8445935,37.44061547],[126.84462802,37.44089494],[126.84473026,37.44116368],[126.84489629,37.44141134],[126.84511972,37.44162842],[126.84539198,37.44180657],[126.84570259,37.44193895],[126.84603963,37.44202047],[126.84639013,37.442048],[126.84674064,37.44202047],[126.84707767,37.44193895],[126.84738829,37.44180657],[126.84766054,37.44162842],[126.84788398,37.44141134],[126.84805,37.44116368],[126.84815224,37.44089494],[126.84818676,37.44061547]]]}",2023
경기 평택시 고덕동(자담치킨 평택고덕로데오점 부근),경기 평택시1,3,5,0,1,4,37.059536118887,127.045513364958,"{""type"":""Polygon"",""coordinates"":[[[127.04731,37.05931175],[127.04727547,37.05903084],[127.04717324,37.05876073],[127.04700721,37.05851179],[127.04678377,37.0582936],[127.04651152,37.05811453],[127.04620091,37.05798147],[127.04586387,37.05789953],[127.04551336,37.05787186],[127.04516286,37.05789953],[127.04482582,37.05798147],[127.04451521,37.05811453],[127.04424296,37.0582936],[127.04401952,37.05851179],[127.04385349,37.05876073],[127.04375126,37.05903084],[127.04371673,37.05931175],[127.04375126,37.05959265],[127.04385349,37.05986276],[127.04401952,37.06011169],[127.04424296,37.06032988],[127.04451521,37.06050895],[127.04482582,37.060642],[127.04516286,37.06072394],[127.04551336,37.06075161],[127.04586387,37.06072394],[127.04620091,37.060642],[127.04651152,37.06050895],[127.04678377,37.06032988],[127.04700721,37.06011169],[127.04717324,37.05986276],[127.04727547,37.05959265],[127.04731,37.05931175]]]}",2023
경기 시흥시 신천동(신천고가교차로 부근),경기 시흥시1,2,11,2,0,4,37.443031464303,126.776920750182,"{""type"":""Polygon"",""coordinates"":[[[126.77871738,37.44280226],[126.77868286,37.44252279],[126.77858062,37.44225406],[126.77841459,37.4420064],[126.77819116,37.44178932],[126.7779189,37.44161117],[126.77760829,37.44147879],[126.77727126,37.44139727],[126.77692075,37.44136974],[126.77657024,37.44139727],[126.77623321,37.44147879],[126.7759226,37.44161117],[126.77565034,37.44178932],[126.77542691,37.4420064],[126.77526088,37.44225406],[126.77515864,37.44252279],[126.77512412,37.44280226],[126.77515864,37.44308172],[126.77526088,37.44335045],[126.77542691,37.44359811],[126.77565034,37.44381518],[126.7759226,37.44399333],[126.77623321,37.4441257],[126.77657024,37.44420722],[126.77692075,37.44423474],[126.77727126,37.44420722],[126.77760829,37.4441257],[126.7779189,37.44399333],[126.77819116,37.44381518],[126.77841459,37.44359811],[126.77858062,37.44335045],[126.77868286,37.44308172],[126.77871738,37.44280226]]]}",2023
경기 양주시 백석읍(복지사거리 부근),경기 양주시1,4,4,0,1,3,37.787060100592,126.991595088017,"{""type"":""Polygon"",""coordinates"":[[[126.99339172,37.78682655],[126.9933572,37.78654839],[126.99325496,37.78628091],[126.99308893,37.7860344],[126.9928655,37.78581833],[126.99259324,37.78564101],[126.99228263,37.78550924],[126.99194559,37.7854281],[126.99159509,37.78540071],[126.99124458,37.7854281],[126.99090755,37.78550924],[126.99059693,37.78564101],[126.99032468,37.78581833],[126.99010124,37.7860344],[126.98993522,37.78628091],[126.98983298,37.78654839],[126.98979846,37.78682655],[126.98983298,37.78710472],[126.98993522,37.78737219],[126.99010124,37.7876187],[126.99032468,37.78783476],[126.99059693,37.78801208],[126.99090755,37.78814384],[126.99124458,37.78822497],[126.99159509,37.78825237],[126.99194559,37.78822497],[126.99228263,37.78814384],[126.99259324,37.78801208],[126.9928655,37.78783476],[126.99308893,37.7876187],[126.99325496,37.78737219],[126.9933572,37.78710472],[126.99339172,37.78682655]]]}",2023
충북 음성군 대소면(대소초등학교 부근),충북 음성군1,3,4,0,0,4,36.967408814065,127.486457190807,"{""type"":""Polygon"",""coordinates"":[[[127.48825382,36.9671856],[127.4882193,36.96690435],[127.48811706,36.96663391],[127.48795103,36.96638467],[127.4877276,36.96616621],[127.48745535,36.96598692],[127.48714473,36.9658537],[127.4868077,36.96577166],[127.48645719,36.96574396],[127.48610669,36.96577166],[127.48576965,36.9658537],[127.48545904,36.96598692],[127.48518678,36.96616621],[127.48496335,36.96638467],[127.48479732,36.96663391],[127.48469508,36.96690435],[127.48466056,36.9671856],[127.48469508,36.96746685],[127.48479732,36.96773729],[127.48496335,36.96798653],[127.48518678,36.96820499],[127.48545904,36.96838427],[127.48576965,36.96851749],[127.48610669,36.96859952],[127.48645719,36.96862722],[127.4868077,36.96859952],[127.48714473,36.96851749],[127.48745535,36.96838427],[127.4877276,36.96820499],[127.48795103,36.96798653],[127.48811706,36.96773729],[127.4882193,36.96746685],[127.48825382,36.9671856]]]}",2023
충남 아산시 배방읍(은수사거리 부근),충남 아산시1,3,6,0,1,5,36.774712593068,127.074172997712,"{""type"":""Polygon"",""coordinates"":[[[127.07596963,36.77449181],[127.07593511,36.77420984],[127.07583287,36.77393871],[127.07566684,36.77368884],[127.07544341,36.77346982],[127.07517115,36.77329007],[127.07486054,36.77315651],[127.0745235,36.77307426],[127.074173,36.77304649],[127.07382249,36.77307426],[127.07348546,36.77315651],[127.07317484,36.77329007],[127.07290259,36.77346982],[127.07267915,36.77368884],[127.07251313,36.77393871],[127.07241089,36.77420984],[127.07237637,36.77449181],[127.07241089,36.77477377],[127.07251313,36.7750449],[127.07267915,36.77529477],[127.07290259,36.77551379],[127.07317484,36.77569353],[127.07348546,36.77582709],[127.07382249,36.77590933],[127.074173,36.7759371],[127.0745235,36.77590933],[127.07486054,36.77582709],[127.07517115,36.77569353],[127.07544341,36.77551379],[127.07566684,36.77529477],[127.07583287,36.7750449],[127.07593511,36.77477377],[127.07596963,36.77449181]]]}",2023
경북 울진군 온정면(온정교 부근),경북 울진군1,2,4,1,3,0,36.719387638581,129.351193557387,"{""type"":""Polygon"",""coordinates"":[[[129.35299019,36.71916755],[129.35295567,36.71888538],[129.35285343,36.71861405],[129.3526874,36.718364],[129.35246397,36.71814482],[129.35219171,36.71796494],[129.3518811,36.71783128],[129.35154406,36.71774897],[129.35119356,36.71772118],[129.35084305,36.71774897],[129.35050602,36.71783128],[129.3501954,36.71796494],[129.34992315,36.71814482],[129.34969971,36.718364],[129.34953369,36.71861405],[129.34943145,36.71888538],[129.34939693,36.71916755],[129.34943145,36.71944972],[129.34953369,36.71972105],[129.34969971,36.7199711],[129.34992315,36.72019027],[129.3501954,36.72037014],[129.35050602,36.7205038],[129.35084305,36.7205861],[129.35119356,36.7206139],[129.35154406,36.7205861],[129.3518811,36.7205038],[129.35219171,36.72037014],[129.35246397,36.72019027],[129.3526874,36.7199711],[129.35285343,36.71972105],[129.35295567,36.71944972],[129.35299019,36.71916755]]]}",2023
서울 용산구 청암동(170-2 부근),서울 용산구1,3,3,0,1,2,37.53420113342,126.945739180896,"{""type"":""Polygon"",""coordinates"":[[[126.94753581,37.53397078],[126.94750129,37.53369165],[126.94739905,37.53342325],[126.94723302,37.5331759],[126.94700959,37.53295908],[126.94673734,37.53278115],[126.94642672,37.53264893],[126.94608969,37.53256752],[126.94573918,37.53254002],[126.94538868,37.53256752],[126.94505164,37.53264893],[126.94474103,37.53278115],[126.94446877,37.53295908],[126.94424534,37.5331759],[126.94407931,37.53342325],[126.94397707,37.53369165],[126.94394255,37.53397078],[126.94397707,37.5342499],[126.94407931,37.53451829],[126.94424534,37.53476565],[126.94446877,37.53498245],[126.94474103,37.53516038],[126.94505164,37.53529259],[126.94538868,37.53537401],[126.94573918,37.5354015],[126.94608969,37.53537401],[126.94642672,37.53529259],[126.94673734,37.53516038],[126.94700959,37.53498245],[126.94723302,37.53476565],[126.94739905,37.53451829],[126.94750129,37.5342499],[126.94753581,37.53397078]]]}",2022
서울 강북구 번동(미래꿈어린이집 부근),서울 강북구1,3,7,0,0,7,37.635104295131,127.027986482975,"{""type"":""Polygon"",""coordinates"":[[[127.02978311,37.63487266],[127.02974859,37.63459392],[127.02964635,37.63432589],[127.02948033,37.63407887],[127.02925689,37.63386236],[127.02898464,37.63368466],[127.02867402,37.63355263],[127.02833699,37.63347132],[127.02798648,37.63344387],[127.02763598,37.63347132],[127.02729894,37.63355263],[127.02698833,37.63368466],[127.02671607,37.63386236],[127.02649264,37.63407887],[127.02632661,37.63432589],[127.02622437,37.63459392],[127.02618985,37.63487266],[127.02622437,37.63515141],[127.02632661,37.63541943],[127.02649264,37.63566645],[127.02671607,37.63588296],[127.02698833,37.63606064],[127.02729894,37.63619268],[127.02763598,37.63627398],[127.02798648,37.63630143],[127.02833699,37.63627398],[127.02867402,37.63619268],[127.02898464,37.63606064],[127.02925689,37.63588296],[127.02948033,37.63566645],[127.02964635,37.63541943],[127.02974859,37.63515141],[127.02978311,37.63487266]]]}",2022
서울 관악구 신림동(미성어린이집 부근),서울 관악구1,3,4,0,0,4,37.483415602931,126.901919735918,"{""type"":""Polygon"",""coordinates"":[[[126.90371637,37.48318589],[126.90368184,37.48290657],[126.90357961,37.48263799],[126.90341358,37.48239046],[126.90319015,37.4821735],[126.90291789,37.48199545],[126.90260728,37.48186314],[126.90227024,37.48178166],[126.90191974,37.48175415],[126.90156923,37.48178166],[126.9012322,37.48186314],[126.90092158,37.48199545],[126.90064933,37.4821735],[126.90042589,37.48239046],[126.90025987,37.48263799],[126.90015763,37.48290657],[126.90012311,37.48318589],[126.90015763,37.4834652],[126.90025987,37.48373378],[126.90042589,37.4839813],[126.90064933,37.48419826],[126.90092158,37.48437631],[126.9012322,37.48450861],[126.90156923,37.48459008],[126.90191974,37.48461759],[126.90227024,37.48459008],[126.90260728,37.48450861],[126.90291789,37.48437631],[126.90319015,37.48419826],[126.90341358,37.4839813],[126.90357961,37.48373378],[126.90368184,37.4834652],[126.90371637,37.48318589]]]}",2022
서울 서초구 내곡동(1-2458 부근),서울 서초구1,3,4,0,0,4,37.455942213008,127.066892287711,"{""type"":""Polygon"",""coordinates"":[[[127.06868892,37.45571284],[127.0686544,37.45543342],[127.06855216,37.45516474],[127.06838613,37.45491712],[127.0681627,37.45470008],[127.06789044,37.45452196],[127.06757983,37.4543896],[127.06724279,37.4543081],[127.06689229,37.45428058],[127.06654178,37.4543081],[127.06620475,37.4543896],[127.06589413,37.45452196],[127.06562188,37.45470008],[127.06539844,37.45491712],[127.06523242,37.45516474],[127.06513018,37.45543342],[127.06509566,37.45571284],[127.06513018,37.45599226],[127.06523242,37.45626094],[127.06539844,37.45650855],[127.06562188,37.45672559],[127.06589413,37.45690371],[127.06620475,37.45703606],[127.06654178,37.45711756],[127.06689229,37.45714508],[127.06724279,37.45711756],[127.06757983,37.45703606],[127.06789044,37.45690371],[127.0681627,37.45672559],[127.06838613,37.45650855],[127.06855216,37.45626094],[127.0686544,37.45599226],[127.06868892,37.45571284]]]}",2022
서울 강남구 청담동(불지촌 부근),서울 강남구1,3,5,0,1,4,37.524784962084,127.052031793668,"{""type"":""Polygon"",""coordinates"":[[[127.05382842,37.52455472],[127.0537939,37.52427556],[127.05369166,37.52400713],[127.05352564,37.52375974],[127.0533022,37.5235429],[127.05302995,37.52336495],[127.05271933,37.52323271],[127.0523823,37.52315129],[127.05203179,37.52312379],[127.05168129,37.52315129],[127.05134425,37.52323271],[127.05103364,37.52336495],[127.05076138,37.5235429],[127.05053795,37.52375974],[127.05037192,37.52400713],[127.05026968,37.52427556],[127.05023516,37.52455472],[127.05026968,37.52483388],[127.05037192,37.52510231],[127.05053795,37.52534969],[127.05076138,37.52556653],[127.05103364,37.52574448],[127.05134425,37.52587671],[127.05168129,37.52595813],[127.05203179,37.52598563],[127.0523823,37.52595813],[127.05271933,37.52587671],[127.05302995,37.52574448],[127.0533022,37.52556653],[127.05352564,37.52534969],[127.05369166,37.52510231],[127.0537939,37.52483388],[127.05382842,37.52455472]]]}",2022
경기 광명시 노온사동(능촌사거리 부근),경기 광명시1,4,5,0,0,5,37.44144164367,126.846769291518,"{""type"":""Polygon"",""coordinates"":[[[126.84856592,37.44121246],[126.8485314,37.44093298],[126.84842916,37.44066425],[126.84826314,37.44041658],[126.8480397,37.4401995],[126.84776745,37.44002134],[126.84745683,37.43988896],[126.8471198,37.43980744],[126.84676929,37.43977991],[126.84641879,37.43980744],[126.84608175,37.43988896],[126.84577114,37.44002134],[126.84549888,37.4401995],[126.84527545,37.44041658],[126.84510942,37.44066425],[126.84500718,37.44093298],[126.84497266,37.44121246],[126.84500718,37.44149193],[126.84510942,37.44176066],[126.84527545,37.44200832],[126.84549888,37.4422254],[126.84577114,37.44240355],[126.84608175,37.44253593],[126.84641879,37.44261745],[126.84676929,37.44264497],[126.8471198,37.44261745],[126.84745683,37.44253593],[126.84776745,37.44240355],[126.8480397,37.4422254],[126.84826314,37.44200832],[126.84842916,37.44176066],[126.8485314,37.44149193],[126.84856592,37.44121246]]]}",2022
경기 평택시 고덕동(1860-2 부근),경기 평택시1,3,5,0,1,4,37.059536118887,127.045513364958,"{""type"":""Polygon"",""coordinates"":[[[127.04731,37.05931175],[127.04727547,37.05903084],[127.04717324,37.05876073],[127.04700721,37.05851179],[127.04678377,37.0582936],[127.04651152,37.05811453],[127.04620091,37.05798147],[127.04586387,37.05789953],[127.04551336,37.05787186],[127.04516286,37.05789953],[127.04482582,37.05798147],[127.04451521,37.05811453],[127.04424296,37.0582936],[127.04401952,37.05851179],[127.04385349,37.05876073],[127.04375126,37.05903084],[127.04371673,37.05931175],[127.04375126,37.05959265],[127.04385349,37.05986276],[127.04401952,37.06011169],[127.04424296,37.06032988],[127.04451521,37.06050895],[127.04482582,37.060642],[127.04516286,37.06072394],[127.04551336,37.06075161],[127.04586387,37.06072394],[127.04620091,37.060642],[127.04651152,37.06050895],[127.04678377,37.06032988],[127.04700721,37.06011169],[127.04717324,37.05986276],[127.04727547,37.05959265],[127.04731,37.05931175]]]}",2022
경기 과천시 갈현동(과천시립온샘어린이집 부근),경기 과천시1,4,9,0,4,5,37.416324058955,126.985212428702,"{""type"":""Polygon"",""coordinates"":[[[126.98700906,37.41609519],[126.98697454,37.41581562],[126.9868723,37.4155468],[126.98670627,37.41529904],[126.98648284,37.41508189],[126.98621058,37.41490367],[126.98589997,37.41477124],[126.98556293,37.4146897],[126.98521243,37.41466216],[126.98486192,37.4146897],[126.98452489,37.41477124],[126.98421427,37.41490367],[126.98394202,37.41508189],[126.98371858,37.41529904],[126.98355256,37.4155468],[126.98345032,37.41581562],[126.9834158,37.41609519],[126.98345032,37.41637475],[126.98355256,37.41664358],[126.98371858,37.41689132],[126.98394202,37.41710848],[126.98421427,37.41728669],[126.98452489,37.41741911],[126.98486192,37.41750065],[126.98521243,37.41752819],[126.98556293,37.41750065],[126.98589997,37.41741911],[126.98621058,37.41728669],[126.98648284,37.41710848],[126.98670627,37.41689132],[126.9868723,37.41664358],[126.98697454,37.41637475],[126.98700906,37.41609519]]]}",2022
경기 남양주시 화도읍 차산리(67-16 부근),경기 남양주시1,3,5,0,0,2,37.629299124413,127.284989350285,"{""type"":""Polygon"",""coordinates"":[[[127.28678598,37.62906757],[127.28675146,37.6287888],[127.28664922,37.62852075],[127.28648319,37.62827371],[127.28625976,37.62805718],[127.2859875,37.62787947],[127.28567689,37.62774743],[127.28533986,37.62766611],[127.28498935,37.62763866],[127.28463885,37.62766611],[127.28430181,37.62774743],[127.2839912,37.62787947],[127.28371894,37.62805718],[127.28349551,37.62827371],[127.28332948,37.62852075],[127.28322724,37.6287888],[127.28319272,37.62906757],[127.28322724,37.62934633],[127.28332948,37.62961438],[127.28349551,37.62986141],[127.28371894,37.63007794],[127.2839912,37.63025564],[127.28430181,37.63038768],[127.28463885,37.63046899],[127.28498935,37.63049645],[127.28533986,37.63046899],[127.28567689,37.63038768],[127.2859875,37.63025564],[127.28625976,37.63007794],[127.28648319,37.62986141],[127.28664922,37.62961438],[127.28675146,37.62934633],[127.28678598,37.62906757]]]}",2022
경기 안성시 양성면 난실리(난실교차로 부근),경기 안성시1,3,9,0,2,7,37.107951999074,127.218481284858,"{""type"":""Polygon"",""coordinates"":[[[127.22027792,37.10772702],[127.22024339,37.10744629],[127.22014116,37.10717636],[127.21997513,37.10692758],[127.21975169,37.10670952],[127.21947944,37.10653057],[127.21916883,37.10639759],[127.21883179,37.10631571],[127.21848128,37.10628806],[127.21813078,37.10631571],[127.21779374,37.10639759],[127.21748313,37.10653057],[127.21721088,37.10670952],[127.21698744,37.10692758],[127.21682141,37.10717636],[127.21671918,37.10744629],[127.21668465,37.10772702],[127.21671918,37.10800774],[127.21682141,37.10827768],[127.21698744,37.10852645],[127.21721088,37.1087445],[127.21748313,37.10892345],[127.21779374,37.10905642],[127.21813078,37.1091383],[127.21848128,37.10916595],[127.21883179,37.1091383],[127.21916883,37.10905642],[127.21947944,37.10892345],[127.21975169,37.1087445],[127.21997513,37.10852645],[127.22014116,37.10827768],[127.22024339,37.10800774],[127.22027792,37.10772702]]]}",2022
경기 광주시 장지동(리안어린이집 부근),경기 광주시1,3,10,0,0,9,37.393507083745,127.238096810266,"{""type"":""Polygon"",""coordinates"":[[[127.23989344,37.3932785],[127.23985892,37.39299885],[127.23975668,37.39272994],[127.23959065,37.39248211],[127.23936722,37.39226489],[127.23909496,37.39208662],[127.23878435,37.39195415],[127.23844732,37.39187258],[127.23809681,37.39184503],[127.23774631,37.39187258],[127.23740927,37.39195415],[127.23709866,37.39208662],[127.2368264,37.39226489],[127.23660297,37.39248211],[127.23643694,37.39272994],[127.2363347,37.39299885],[127.23630018,37.3932785],[127.2363347,37.39355815],[127.23643694,37.39382706],[127.23660297,37.39407488],[127.2368264,37.3942921],[127.23709866,37.39447037],[127.23740927,37.39460283],[127.23774631,37.3946844],[127.23809681,37.39471194],[127.23844732,37.3946844],[127.23878435,37.39460283],[127.23909496,37.39447037],[127.23936722,37.3942921],[127.23959065,37.39407488],[127.23975668,37.39382706],[127.23985892,37.39355815],[127.23989344,37.3932785]]]}",2022
경기 양주시 옥정동(옥정2동 행정복지센터 부근),경기 양주시1,3,3,0,2,1,37.821819331832,127.093782564283,"{""type"":""Polygon"",""coordinates"":[[[127.09557919,37.82158534],[127.09554467,37.82130731],[127.09544243,37.82103996],[127.09527641,37.82079357],[127.09505297,37.8205776],[127.09478072,37.82040036],[127.09447011,37.82026866],[127.09413307,37.82018756],[127.09378256,37.82016018],[127.09343206,37.82018756],[127.09309502,37.82026866],[127.09278441,37.82040036],[127.09251215,37.8205776],[127.09228872,37.82079357],[127.09212269,37.82103996],[127.09202046,37.82130731],[127.09198593,37.82158534],[127.09202046,37.82186338],[127.09212269,37.82213073],[127.09228872,37.82237711],[127.09251215,37.82259307],[127.09278441,37.82277031],[127.09309502,37.822902],[127.09343206,37.8229831],[127.09378256,37.82301049],[127.09413307,37.8229831],[127.09447011,37.822902],[127.09478072,37.82277031],[127.09505297,37.82259307],[127.09527641,37.82237711],[127.09544243,37.82213073],[127.09554467,37.82186338],[127.09557919,37.82158534]]]}",2022
경기 양주시 백석읍 복지리(복지사거리 부근),경기 양주시2,3,3,0,1,2,37.787060100592,126.991595088017,"{""type"":""Polygon"",""coordinates"":[[[126.99339172,37.78682655],[126.9933572,37.78654839],[126.99325496,37.78628091],[126.99308893,37.7860344],[126.9928655,37.78581833],[126.99259324,37.78564101],[126.99228263,37.78550924],[126.99194559,37.7854281],[126.99159509,37.78540071],[126.99124458,37.7854281],[126.99090755,37.78550924],[126.99059693,37.78564101],[126.99032468,37.78581833],[126.99010124,37.7860344],[126.98993522,37.78628091],[126.98983298,37.78654839],[126.98979846,37.78682655],[126.98983298,37.78710472],[126.98993522,37.78737219],[126.99010124,37.7876187],[126.99032468,37.78783476],[126.99059693,37.78801208],[126.99090755,37.78814384],[126.99124458,37.78822497],[126.99159509,37.78825237],[126.99194559,37.78822497],[126.99228263,37.78814384],[126.99259324,37.78801208],[126.9928655,37.78783476],[126.99308893,37.7876187],[126.99325496,37.78737219],[126.9933572,37.78710472],[126.99339172,37.78682655]]]}",2022
경기 양주시 은현면 도하리(394-1 부근),경기 양주시3,3,6,0,0,5,37.839843933116,127.006098525751,"{""type"":""Polygon"",""coordinates"":[[[127.00789516,37.83960972],[127.00786063,37.83933175],[127.0077584,37.83906447],[127.00759237,37.83881814],[127.00736894,37.83860222],[127.00709668,37.83842503],[127.00678607,37.83829336],[127.00644903,37.83821228],[127.00609853,37.8381849],[127.00574802,37.83821228],[127.00541098,37.83829336],[127.00510037,37.83842503],[127.00482812,37.83860222],[127.00460468,37.83881814],[127.00443866,37.83906447],[127.00433642,37.83933175],[127.0043019,37.83960972],[127.00433642,37.83988768],[127.00443866,37.84015497],[127.00460468,37.84040129],[127.00482812,37.8406172],[127.00510037,37.84079439],[127.00541098,37.84092605],[127.00574802,37.84100713],[127.00609853,37.84103451],[127.00644903,37.84100713],[127.00678607,37.84092605],[127.00709668,37.84079439],[127.00736894,37.8406172],[127.00759237,37.84040129],[127.0077584,37.84015497],[127.00786063,37.83988768],[127.00789516,37.83960972]]]}",2022
경기 포천시 소흘읍 송우리(송우사거리 부근),경기 포천시1,3,4,0,0,4,37.827982977224,127.146468872253,"{""type"":""Polygon"",""coordinates"":[[[127.1482655,37.82774891],[127.14823098,37.8274709],[127.14812874,37.82720357],[127.14796272,37.8269572],[127.14773928,37.82674125],[127.14746703,37.82656403],[127.14715641,37.82643234],[127.14681938,37.82635125],[127.14646887,37.82632386],[127.14611837,37.82635125],[127.14578133,37.82643234],[127.14547072,37.82656403],[127.14519846,37.82674125],[127.14497503,37.8269572],[127.144809,37.82720357],[127.14470676,37.8274709],[127.14467224,37.82774891],[127.14470676,37.82802692],[127.144809,37.82829425],[127.14497503,37.82854061],[127.14519846,37.82875656],[127.14547072,37.82893378],[127.14578133,37.82906546],[127.14611837,37.82914655],[127.14646887,37.82917393],[127.14681938,37.82914655],[127.14715641,37.82906546],[127.14746703,37.82893378],[127.14773928,37.82875656],[127.14796272,37.82854061],[127.14812874,37.82829425],[127.14823098,37.82802692],[127.1482655,37.82774891]]]}",2022
충북 음성군 대소면 오산리(대소초등학교 부근),충북 음성군1,3,4,0,0,4,36.967408814065,127.486457190807,"{""type"":""Polygon"",""coordinates"":[[[127.48825382,36.9671856],[127.4882193,36.96690435],[127.48811706,36.96663391],[127.48795103,36.96638467],[127.4877276,36.96616621],[127.48745535,36.96598692],[127.48714473,36.9658537],[127.4868077,36.96577166],[127.48645719,36.96574396],[127.48610669,36.96577166],[127.48576965,36.9658537],[127.48545904,36.96598692],[127.48518678,36.96616621],[127.48496335,36.96638467],[127.48479732,36.96663391],[127.48469508,36.96690435],[127.48466056,36.9671856],[127.48469508,36.96746685],[127.48479732,36.96773729],[127.48496335,36.96798653],[127.48518678,36.96820499],[127.48545904,36.96838427],[127.48576965,36.96851749],[127.48610669,36.96859952],[127.48645719,36.96862722],[127.4868077,36.96859952],[127.48714473,36.96851749],[127.48745535,36.96838427],[127.4877276,36.96820499],[127.48795103,36.96798653],[127.48811706,36.96773729],[127.4882193,36.96746685],[127.48825382,36.9671856]]]}",2022
서울특별시 성북구 정릉동(정릉입구삼거리 부근),서울특별시 성북구1,3,4,0,1,2,37.60460773546,127.011606250029,"{""type"":""Polygon"",""coordinates"":[[[127.01340288,37.60460774],[127.01336836,37.60433005],[127.01326612,37.60406304],[127.01310009,37.60381695],[127.01287666,37.60360126],[127.0126044,37.60342424],[127.01229379,37.60329271],[127.01195676,37.60321171],[127.01160625,37.60318436],[127.01125574,37.60321171],[127.01091871,37.60329271],[127.0106081,37.60342424],[127.01033584,37.60360126],[127.01011241,37.60381695],[127.00994638,37.60406304],[127.00984414,37.60433005],[127.00980962,37.60460774],[127.00984414,37.60488542],[127.00994638,37.60515243],[127.01011241,37.60539851],[127.01033584,37.6056142],[127.0106081,37.60579121],[127.01091871,37.60592274],[127.01125574,37.60600374],[127.01160625,37.60603109],[127.01195676,37.60600374],[127.01229379,37.60592274],[127.0126044,37.60579121],[127.01287666,37.6056142],[127.01310009,37.60539851],[127.01326612,37.60515243],[127.01336836,37.60488542],[127.01340288,37.60460774]]]}",2021
서울특별시 강북구 번동(태영공인중개사사무소 부근),서울특별시 강북구1,3,7,0,0,7,37.63553745579,127.02828005758,"{""type"":""Polygon"",""coordinates"":[[[127.03007669,37.63553746],[127.03004217,37.63525989],[127.02993993,37.63499298],[127.0297739,37.634747],[127.02955047,37.6345314],[127.02927821,37.63435446],[127.0289676,37.63422297],[127.02863056,37.63414201],[127.02828006,37.63411467],[127.02792955,37.63414201],[127.02759252,37.63422297],[127.0272819,37.63435446],[127.02700965,37.6345314],[127.02678621,37.634747],[127.02662019,37.63499298],[127.02651795,37.63525989],[127.02648343,37.63553746],[127.02651795,37.63581502],[127.02662019,37.63608192],[127.02678621,37.6363279],[127.02700965,37.6365435],[127.0272819,37.63672044],[127.02759252,37.63685191],[127.02792955,37.63693288],[127.02828006,37.63696021],[127.02863056,37.63693288],[127.0289676,37.63685191],[127.02927821,37.63672044],[127.02955047,37.6365435],[127.0297739,37.6363279],[127.02993993,37.63608192],[127.03004217,37.63581502],[127.03007669,37.63553746]]]}",2021
서울특별시 강남구 청담동(영동대교남단교차로 부근),서울특별시 강남구1,5,9,0,0,9,37.524665766713,127.052190456925,"{""type"":""Polygon"",""coordinates"":[[[127.05398709,37.52466577],[127.05395257,37.52438778],[127.05385033,37.52412048],[127.0536843,37.52387413],[127.05346087,37.52365821],[127.05318861,37.523481],[127.052878,37.52334933],[127.05254096,37.52326824],[127.05219046,37.52324086],[127.05183995,37.52326824],[127.05150292,37.52334933],[127.0511923,37.523481],[127.05092005,37.52365821],[127.05069661,37.52387413],[127.05053059,37.52412048],[127.05042835,37.52438778],[127.05039383,37.52466577],[127.05042835,37.52494375],[127.05053059,37.52521105],[127.05069661,37.52545739],[127.05092005,37.52567331],[127.0511923,37.52585051],[127.05150292,37.52598218],[127.05183995,37.52606327],[127.05219046,37.52609064],[127.05254096,37.52606327],[127.052878,37.52598218],[127.05318861,37.52585051],[127.05346087,37.52567331],[127.0536843,37.52545739],[127.05385033,37.52521105],[127.05395257,37.52494375],[127.05398709,37.52466577]]]}",2021
서울특별시 강남구 도곡동(뱅뱅사거리 부근),서울특별시 강남구2,4,5,0,0,5,37.48995387827,127.031131434569,"{""type"":""Polygon"",""coordinates"":[[[127.03292807,37.48995388],[127.03289354,37.48967577],[127.0327913,37.48940834],[127.03262528,37.48916188],[127.03240184,37.48894585],[127.03212959,37.48876856],[127.03181898,37.48863683],[127.03148194,37.4885557],[127.03113143,37.48852831],[127.03078093,37.4885557],[127.03044389,37.48863683],[127.03013328,37.48876856],[127.02986102,37.48894585],[127.02963759,37.48916188],[127.02947156,37.48940834],[127.02936933,37.48967577],[127.0293348,37.48995388],[127.02936933,37.49023199],[127.02947156,37.49049941],[127.02963759,37.49074587],[127.02986102,37.49096189],[127.03013328,37.49113917],[127.03044389,37.49127091],[127.03078093,37.49135203],[127.03113143,37.49137942],[127.03148194,37.49135203],[127.03181898,37.49127091],[127.03212959,37.49113917],[127.03240184,37.49096189],[127.03262528,37.49074587],[127.0327913,37.49049941],[127.03289354,37.49023199],[127.03292807,37.48995388]]]}",2021
서울특별시 강남구 삼성동(삼성중앙역 부근),서울특별시 강남구3,3,5,0,1,3,37.513070410072,127.05353838419,"{""type"":""Polygon"",""coordinates"":[[[127.05533501,37.51307041],[127.05530049,37.51279238],[127.05519825,37.51252504],[127.05503223,37.51227866],[127.05480879,37.5120627],[127.05453654,37.51188546],[127.05422592,37.51175377],[127.05388889,37.51167267],[127.05353838,37.51164528],[127.05318788,37.51167267],[127.05285084,37.51175377],[127.05254023,37.51188546],[127.05226797,37.5120627],[127.05204454,37.51227866],[127.05187851,37.51252504],[127.05177628,37.51279238],[127.05174175,37.51307041],[127.05177628,37.51334844],[127.05187851,37.51361578],[127.05204454,37.51386216],[127.05226797,37.51407811],[127.05254023,37.51425534],[127.05285084,37.51438703],[127.05318788,37.51446813],[127.05353838,37.51449551],[127.05388889,37.51446813],[127.05422592,37.51438703],[127.05453654,37.51425534],[127.05480879,37.51407811],[127.05503223,37.51386216],[127.05519825,37.51361578],[127.05530049,37.51334844],[127.05533501,37.51307041]]]}",2021
경기도 부천시 원종동(베리내사거리 부근),경기도 부천시1,3,5,0,1,4,37.521769704209,126.80100135493,"{""type"":""Polygon"",""coordinates"":[[[126.80279799,37.5217697],[126.80276346,37.52149171],[126.80266123,37.5212244],[126.8024952,37.52097804],[126.80227176,37.52076211],[126.80199951,37.52058489],[126.8016889,37.52045321],[126.80135186,37.52037212],[126.80100135,37.52034474],[126.80065085,37.52037212],[126.80031381,37.52045321],[126.8000032,37.52058489],[126.79973095,37.52076211],[126.79950751,37.52097804],[126.79934148,37.5212244],[126.79923925,37.52149171],[126.79920472,37.5217697],[126.79923925,37.5220477],[126.79934148,37.52231501],[126.79950751,37.52256136],[126.79973095,37.52277729],[126.8000032,37.5229545],[126.80031381,37.52308617],[126.80065085,37.52316726],[126.80100135,37.52319464],[126.80135186,37.52316726],[126.8016889,37.52308617],[126.80199951,37.5229545],[126.80227176,37.52277729],[126.8024952,37.52256136],[126.80266123,37.52231501],[126.80276346,37.5220477],[126.80279799,37.5217697]]]}",2021
경기도 부천시 춘의동(춘의사거리 부근),경기도 부천시2,3,5,0,0,4,37.503888238452,126.787615671127,"{""type"":""Polygon"",""coordinates"":[[[126.7894123,37.50388824],[126.78937778,37.50361018],[126.78927554,37.5033428],[126.78910951,37.50309639],[126.78888608,37.5028804],[126.78861383,37.50270314],[126.78830321,37.50257143],[126.78796618,37.50249032],[126.78761567,37.50246294],[126.78726517,37.50249032],[126.78692813,37.50257143],[126.78661752,37.50270314],[126.78634526,37.5028804],[126.78612183,37.50309639],[126.7859558,37.5033428],[126.78585356,37.50361018],[126.78581904,37.50388824],[126.78585356,37.5041663],[126.7859558,37.50443367],[126.78612183,37.50468008],[126.78634526,37.50489606],[126.78661752,37.50507331],[126.78692813,37.50520502],[126.78726517,37.50528613],[126.78761567,37.50531351],[126.78796618,37.50528613],[126.78830321,37.50520502],[126.78861383,37.50507331],[126.78888608,37.50489606],[126.78910951,37.50468008],[126.78927554,37.50443367],[126.78937778,37.5041663],[126.7894123,37.50388824]]]}",2021
경기도 부천시 오정동(봉오대로사거리 부근),경기도 부천시3,2,3,1,2,0,37.532219284993,126.78897113561,"{""type"":""Polygon"",""coordinates"":[[[126.79076777,37.53221928],[126.79073324,37.53194133],[126.79063101,37.53167406],[126.79046498,37.53142773],[126.79024155,37.53121183],[126.78996929,37.53103464],[126.78965868,37.53090298],[126.78932164,37.5308219],[126.78897114,37.53079452],[126.78862063,37.5308219],[126.78828359,37.53090298],[126.78797298,37.53103464],[126.78770073,37.53121183],[126.78747729,37.53142773],[126.78731127,37.53167406],[126.78720903,37.53194133],[126.78717451,37.53221928],[126.78720903,37.53249724],[126.78731127,37.53276451],[126.78747729,37.53301083],[126.78770073,37.53322673],[126.78797298,37.53340391],[126.78828359,37.53353557],[126.78862063,37.53361664],[126.78897114,37.53364402],[126.78932164,37.53361664],[126.78965868,37.53353557],[126.78996929,37.53340391],[126.79024155,37.53322673],[126.79046498,37.53301083],[126.79063101,37.53276451],[126.79073324,37.53249724],[126.79076777,37.53221928]]]}",2021
경기도 광명시 노온사동(능촌사거리 부근),경기도 광명시1,4,5,0,0,4,37.4424071111,126.846892825445,"{""type"":""Polygon"",""coordinates"":[[[126.84868946,37.44240711],[126.84865493,37.44212882],[126.8485527,37.44186123],[126.84838667,37.44161461],[126.84816324,37.44139844],[126.84789098,37.44122104],[126.84758037,37.44108922],[126.84724333,37.44100805],[126.84689283,37.44098064],[126.84654232,37.44100805],[126.84620528,37.44108922],[126.84589467,37.44122104],[126.84562242,37.44139844],[126.84539898,37.44161461],[126.84523296,37.44186123],[126.84513072,37.44212882],[126.84509619,37.44240711],[126.84513072,37.4426854],[126.84523296,37.44295299],[126.84539898,37.44319961],[126.84562242,37.44341576],[126.84589467,37.44359316],[126.84620528,37.44372498],[126.84654232,37.44380615],[126.84689283,37.44383356],[126.84724333,37.44380615],[126.84758037,37.44372498],[126.84789098,37.44359316],[126.84816324,37.44341576],[126.84838667,37.44319961],[126.8485527,37.44295299],[126.84865493,37.4426854],[126.84868946,37.44240711]]]}",2021
경기도 평택시 진위면(광명1급자동차공업사 부근),경기도 평택시1,3,9,0,3,2,37.129321114379,127.093066661099,"{""type"":""Polygon"",""coordinates"":[[[127.09486329,37.12932111],[127.09482877,37.12904166],[127.09472653,37.12877295],[127.0945605,37.12852531],[127.09433707,37.12830824],[127.09406482,37.1281301],[127.0937542,37.12799773],[127.09341717,37.12791622],[127.09306666,37.12788869],[127.09271616,37.12791622],[127.09237912,37.12799773],[127.09206851,37.1281301],[127.09179625,37.12830824],[127.09157282,37.12852531],[127.09140679,37.12877295],[127.09130455,37.12904166],[127.09127003,37.12932111],[127.09130455,37.12960056],[127.09140679,37.12986927],[127.09157282,37.13011691],[127.09179625,37.13033397],[127.09206851,37.13051211],[127.09237912,37.13064448],[127.09271616,37.13072599],[127.09306666,37.13075351],[127.09341717,37.13072599],[127.0937542,37.13064448],[127.09406482,37.13051211],[127.09433707,37.13033397],[127.0945605,37.13011691],[127.09472653,37.12986927],[127.09482877,37.12960056],[127.09486329,37.12932111]]]}",2021
경기도 과천시 갈현동(갈현동20-1 부근),경기도 과천시1,4,9,0,4,5,37.416193758436,126.985303726887,"{""type"":""Polygon"",""coordinates"":[[[126.98710036,37.41619376],[126.98706584,37.41591537],[126.9869636,37.41564768],[126.98679757,37.41540098],[126.98657414,37.41518474],[126.98630188,37.41500727],[126.98599127,37.41487541],[126.98565423,37.4147942],[126.98530373,37.41476678],[126.98495322,37.4147942],[126.98461619,37.41487541],[126.98430557,37.41500727],[126.98403332,37.41518474],[126.98380988,37.41540098],[126.98364386,37.41564768],[126.98354162,37.41591537],[126.9835071,37.41619376],[126.98354162,37.41647214],[126.98364386,37.41673983],[126.98380988,37.41698653],[126.98403332,37.41720277],[126.98430557,37.41738022],[126.98461619,37.41751209],[126.98495322,37.41759329],[126.98530373,37.41762071],[126.98565423,37.41759329],[126.98599127,37.41751209],[126.98630188,37.41738022],[126.98657414,37.41720277],[126.98679757,37.41698653],[126.9869636,37.41673983],[126.98706584,37.41647214],[126.98710036,37.41619376]]]}",2021
경기도 김포시 구래동(고단입구삼거리 부근),경기도 김포시1,3,4,0,0,4,37.652638794746,126.633223051604,"{""type"":""Polygon"",""coordinates"":[[[126.63501968,37.65263879],[126.63498516,37.65236129],[126.63488292,37.65209445],[126.6347169,37.65184852],[126.63449346,37.65163297],[126.63422121,37.65145607],[126.63391059,37.65132462],[126.63357356,37.65124367],[126.63322305,37.65121634],[126.63287255,37.65124367],[126.63253551,37.65132462],[126.6322249,37.65145607],[126.63195264,37.65163297],[126.63172921,37.65184852],[126.63156318,37.65209445],[126.63146094,37.65236129],[126.63142642,37.65263879],[126.63146094,37.6529163],[126.63156318,37.65318314],[126.63172921,37.65342906],[126.63195264,37.65364461],[126.6322249,37.6538215],[126.63253551,37.65395295],[126.63287255,37.65403389],[126.63322305,37.65406123],[126.63357356,37.65403389],[126.63391059,37.65395295],[126.63422121,37.6538215],[126.63449346,37.65364461],[126.6347169,37.65342906],[126.63488292,37.65318314],[126.63498516,37.6529163],[126.63501968,37.65263879]]]}",2021
경기도 화성시 반송동(반송초교사거리 부근),경기도 화성시1,3,3,0,1,2,37.192437856723,127.067579450732,"{""type"":""Polygon"",""coordinates"":[[[127.06937608,37.19243786],[127.06934156,37.19215864],[127.06923932,37.19189015],[127.06907329,37.19164271],[127.06884986,37.19142583],[127.06857761,37.19124784],[127.06826699,37.19111558],[127.06792996,37.19103413],[127.06757945,37.19100663],[127.06722895,37.19103413],[127.06689191,37.19111558],[127.0665813,37.19124784],[127.06630904,37.19142583],[127.06608561,37.19164271],[127.06591958,37.19189015],[127.06581734,37.19215864],[127.06578282,37.19243786],[127.06581734,37.19271707],[127.06591958,37.19298556],[127.06608561,37.19323299],[127.06630904,37.19344987],[127.0665813,37.19362786],[127.06689191,37.19376011],[127.06722895,37.19384156],[127.06757945,37.19386906],[127.06792996,37.19384156],[127.06826699,37.19376011],[127.06857761,37.19362786],[127.06884986,37.19344987],[127.06907329,37.19323299],[127.06923932,37.19298556],[127.06934156,37.19271707],[127.06937608,37.19243786]]]}",2021
경기도 양주시 백석읍(복지사거리 부근),경기도 양주시1,3,3,0,1,2,37.787156668646,126.99099818462,"{""type"":""Polygon"",""coordinates"":[[[126.99279482,37.78715667],[126.99276029,37.78687967],[126.99265805,37.78661331],[126.99249203,37.78636783],[126.99226859,37.78615267],[126.99199634,37.78597609],[126.99168573,37.78584487],[126.99134869,37.78576407],[126.99099818,37.78573679],[126.99064768,37.78576407],[126.99031064,37.78584487],[126.99000003,37.78597609],[126.98972777,37.78615267],[126.98950434,37.78636783],[126.98933831,37.78661331],[126.98923608,37.78687967],[126.98920155,37.78715667],[126.98923608,37.78743367],[126.98933831,37.78770002],[126.98950434,37.7879455],[126.98972777,37.78816066],[126.99000003,37.78833723],[126.99031064,37.78846844],[126.99064768,37.78854924],[126.99099818,37.78857652],[126.99134869,37.78854924],[126.99168573,37.78846844],[126.99199634,37.78833723],[126.99226859,37.78816066],[126.99249203,37.7879455],[126.99265805,37.78770002],[126.99276029,37.78743367],[126.99279482,37.78715667]]]}",2021
경기도 양주시 은현면(봉재석산버스정류장 부근),경기도 양주시2,3,6,0,0,5,37.839809694663,127.005456626523,"{""type"":""Polygon"",""coordinates"":[[[127.00725326,37.83980969],[127.00721874,37.83953289],[127.0071165,37.83926672],[127.00695047,37.83902142],[127.00672704,37.83880641],[127.00645478,37.83862995],[127.00614417,37.83849884],[127.00580713,37.83841809],[127.00545663,37.83839083],[127.00510612,37.83841809],[127.00476909,37.83849884],[127.00445847,37.83862995],[127.00418622,37.83880641],[127.00396278,37.83902142],[127.00379676,37.83926672],[127.00369452,37.83953289],[127.00366,37.83980969],[127.00369452,37.8400865],[127.00379676,37.84035266],[127.00396278,37.84059796],[127.00418622,37.84081297],[127.00445847,37.84098942],[127.00476909,37.84112053],[127.00510612,37.84120127],[127.00545663,37.84122853],[127.00580713,37.84120127],[127.00614417,37.84112053],[127.00645478,37.84098942],[127.00672704,37.84081297],[127.00695047,37.84059796],[127.0071165,37.84035266],[127.00721874,37.8400865],[127.00725326,37.83980969]]]}",2021
경기도 여주시 가남읍(본두교 부근),경기도 여주시1,3,5,0,0,4,37.229905391122,127.565372173488,"{""type"":""Polygon"",""coordinates"":[[[127.5671688,37.22990539],[127.56713428,37.22962631],[127.56703204,37.22935796],[127.56686602,37.22911064],[127.56664258,37.22889387],[127.56637033,37.22871596],[127.56605971,37.22858377],[127.56572268,37.22850236],[127.56537217,37.22847487],[127.56502167,37.22850236],[127.56468463,37.22858377],[127.56437402,37.22871596],[127.56410176,37.22889387],[127.56387833,37.22911064],[127.5637123,37.22935796],[127.56361006,37.22962631],[127.56357554,37.22990539],[127.56361006,37.23018447],[127.5637123,37.23045282],[127.56387833,37.23070013],[127.56410176,37.2309169],[127.56437402,37.2310948],[127.56468463,37.23122699],[127.56502167,37.23130839],[127.56537217,37.23133588],[127.56572268,37.23130839],[127.56605971,37.23122699],[127.56637033,37.2310948],[127.56664258,37.2309169],[127.56686602,37.23070013],[127.56703204,37.23045282],[127.56713428,37.23018447],[127.5671688,37.22990539]]]}",2021
강원도 원주시 단계동(백간사거리 부근),강원도 원주시1,3,3,0,0,3,37.351868500832,127.927686648021,"{""type"":""Polygon"",""coordinates"":[[[127.92948328,37.3518685],[127.92944876,37.35158988],[127.92934652,37.35132196],[127.92918049,37.35107504],[127.92895706,37.35085861],[127.9286848,37.350681],[127.92837419,37.35054902],[127.92803715,37.35046774],[127.92768665,37.3504403],[127.92733614,37.35046774],[127.92699911,37.35054902],[127.92668849,37.350681],[127.92641624,37.35085861],[127.9261928,37.35107504],[127.92602678,37.35132196],[127.92592454,37.35158988],[127.92589002,37.3518685],[127.92592454,37.35214713],[127.92602678,37.35241504],[127.9261928,37.35266195],[127.92641624,37.35287837],[127.92668849,37.35305598],[127.92699911,37.35318796],[127.92733614,37.35326923],[127.92768665,37.35329667],[127.92803715,37.35326923],[127.92837419,37.35318796],[127.9286848,37.35305598],[127.92895706,37.35287837],[127.92918049,37.35266195],[127.92934652,37.35241504],[127.92944876,37.35214713],[127.92948328,37.3518685]]]}",2021
충청남도 서산시 부석면(취평교차로 부근),충청남도 서산시1,2,3,1,1,0,36.722672850872,126.402079614983,"{""type"":""Polygon"",""coordinates"":[[[126.40387625,36.72267285],[126.40384172,36.72239191],[126.40373949,36.72212176],[126.40357346,36.72187279],[126.40335002,36.72165456],[126.40307777,36.72147547],[126.40276716,36.72134239],[126.40243012,36.72126044],[126.40207961,36.72123277],[126.40172911,36.72126044],[126.40139207,36.72134239],[126.40108146,36.72147547],[126.40080921,36.72165456],[126.40058577,36.72187279],[126.40041974,36.72212176],[126.40031751,36.72239191],[126.40028298,36.72267285],[126.40031751,36.72295379],[126.40041974,36.72322394],[126.40058577,36.72347291],[126.40080921,36.72369113],[126.40108146,36.72387022],[126.40139207,36.72400329],[126.40172911,36.72408524],[126.40207961,36.72411291],[126.40243012,36.72408524],[126.40276716,36.72400329],[126.40307777,36.72387022],[126.40335002,36.72369113],[126.40357346,36.72347291],[126.40373949,36.72322394],[126.40384172,36.72295379],[126.40387625,36.72267285]]]}",2021
충청남도 예산군 오가면(원천1교 부근),충청남도 예산군1,2,7,1,4,2,36.696109040501,126.796738894885,"{""type"":""Polygon"",""coordinates"":[[[126.79853553,36.69610904],[126.798501,36.695828],[126.79839877,36.69555776],[126.79823274,36.6953087],[126.7980093,36.6950904],[126.79773705,36.69491124],[126.79742644,36.69477812],[126.7970894,36.69469614],[126.79673889,36.69466846],[126.79638839,36.69469614],[126.79605135,36.69477812],[126.79574074,36.69491124],[126.79546849,36.6950904],[126.79524505,36.6953087],[126.79507902,36.69555776],[126.79497679,36.695828],[126.79494226,36.69610904],[126.79497679,36.69639008],[126.79507902,36.69666032],[126.79524505,36.69690937],[126.79546849,36.69712767],[126.79574074,36.69730682],[126.79605135,36.69743994],[126.79638839,36.69752191],[126.79673889,36.69754959],[126.7970894,36.69752191],[126.79742644,36.69743994],[126.79773705,36.69730682],[126.7980093,36.69712767],[126.79823274,36.69690937],[126.79839877,36.69666032],[126.798501,36.69639008],[126.79853553,36.69610904]]]}",2021
경상북도 군위군 소보면(상주영천고속도로),경상북도 군위군1,2,32,6,13,12,36.25876085503,128.445582581972,"{""type"":""Polygon"",""coordinates"":[[[128.44737921,36.25876086],[128.44734469,36.25847822],[128.44724245,36.25820645],[128.44707643,36.25795598],[128.44685299,36.25773645],[128.44658074,36.25755628],[128.44627012,36.2574224],[128.44593309,36.25733996],[128.44558258,36.25731212],[128.44523208,36.25733996],[128.44489504,36.2574224],[128.44458443,36.25755628],[128.44431217,36.25773645],[128.44408874,36.25795598],[128.44392271,36.25820645],[128.44382047,36.25847822],[128.44378595,36.25876086],[128.44382047,36.25904349],[128.44392271,36.25931525],[128.44408874,36.25956572],[128.44431217,36.25978525],[128.44458443,36.25996541],[128.44489504,36.26009929],[128.44523208,36.26018173],[128.44558258,36.26020956],[128.44593309,36.26018173],[128.44627012,36.26009929],[128.44658074,36.25996541],[128.44685299,36.25978525],[128.44707643,36.25956572],[128.44724245,36.25931525],[128.44734469,36.25904349],[128.44737921,36.25876086]]]}",2021
경상북도 봉화군 소천면(고선리227-4 부근),경상북도 봉화군1,3,4,1,0,2,36.955979638151,128.99346029146,"{""type"":""Polygon"",""coordinates"":[[[128.99525692,36.95597964],[128.9952224,36.95569955],[128.99512016,36.95543022],[128.99495414,36.95518201],[128.9947307,36.95496445],[128.99445845,36.9547859],[128.99414783,36.95465323],[128.9938108,36.95457153],[128.99346029,36.95454394],[128.99310979,36.95457153],[128.99277275,36.95465323],[128.99246214,36.9547859],[128.99218988,36.95496445],[128.99196645,36.95518201],[128.99180042,36.95543022],[128.99169818,36.95569955],[128.99166366,36.95597964],[128.99169818,36.95625973],[128.99180042,36.95652905],[128.99196645,36.95677726],[128.99218988,36.95699481],[128.99246214,36.95717336],[128.99277275,36.95730602],[128.99310979,36.95738772],[128.99346029,36.95741531],[128.9938108,36.95738772],[128.99414783,36.95730602],[128.99445845,36.95717336],[128.9947307,36.95699481],[128.99495414,36.95677726],[128.99512016,36.95652905],[128.9952224,36.95625973],[128.99525692,36.95597964]]]}",2021
서울특별시 성북구 정릉동(아리랑고개입구교차로 부근),서울특별시 성북구1,4,5,0,2,2,37.60406188295,127.012406396639,"{""type"":""Polygon"",""coordinates"":[[[127.01420303,37.60406188],[127.01416851,37.6037842],[127.01406627,37.60351718],[127.01390024,37.60327109],[127.01367681,37.6030554],[127.01340455,37.60287838],[127.01309394,37.60274685],[127.0127569,37.60266585],[127.0124064,37.6026385],[127.01205589,37.60266585],[127.01171886,37.60274685],[127.01140824,37.60287838],[127.01113599,37.6030554],[127.01091255,37.60327109],[127.01074653,37.60351718],[127.01064429,37.6037842],[127.01060977,37.60406188],[127.01064429,37.60433957],[127.01074653,37.60460658],[127.01091255,37.60485266],[127.01113599,37.60506835],[127.01140824,37.60524537],[127.01171886,37.6053769],[127.01205589,37.60545789],[127.0124064,37.60548524],[127.0127569,37.60545789],[127.01309394,37.6053769],[127.01340455,37.60524537],[127.01367681,37.60506835],[127.01390024,37.60485266],[127.01406627,37.60460658],[127.01416851,37.60433957],[127.01420303,37.60406188]]]}",2020
서울특별시 성북구 정릉동(서경대 부근),서울특별시 성북구2,3,3,0,0,1,37.614402564827,127.010941669024,"{""type"":""Polygon"",""coordinates"":[[[127.0127383,37.61440256],[127.01270378,37.61412492],[127.01260154,37.61385794],[127.01243551,37.61361189],[127.01221208,37.61339622],[127.01193982,37.61321923],[127.01162921,37.61308771],[127.01129217,37.61300672],[127.01094167,37.61297938],[127.01059116,37.61300672],[127.01025413,37.61308771],[127.00994351,37.61321923],[127.00967126,37.61339622],[127.00944783,37.61361189],[127.0092818,37.61385794],[127.00917956,37.61412492],[127.00914504,37.61440256],[127.00917956,37.61468021],[127.0092818,37.61494719],[127.00944783,37.61519323],[127.00967126,37.6154089],[127.00994351,37.61558588],[127.01025413,37.6157174],[127.01059116,37.61579838],[127.01094167,37.61582573],[127.01129217,37.61579838],[127.01162921,37.6157174],[127.01193982,37.61558588],[127.01221208,37.6154089],[127.01243551,37.61519323],[127.01260154,37.61494719],[127.01270378,37.61468021],[127.0127383,37.61440256]]]}",2020
서울특별시 노원구 중계동(대진여고 부근),서울특별시 노원구1,3,4,0,1,3,37.646074399415,127.065926687468,"{""type"":""Polygon"",""coordinates"":[[[127.06772332,37.6460744],[127.0676888,37.64579687],[127.06758656,37.64553],[127.06742053,37.64528406],[127.0671971,37.64506848],[127.06692484,37.64489157],[127.06661423,37.6447601],[127.06627719,37.64467915],[127.06592669,37.64465182],[127.06557618,37.64467915],[127.06523915,37.6447601],[127.06492853,37.64489157],[127.06465628,37.64506848],[127.06443284,37.64528406],[127.06426682,37.64553],[127.06416458,37.64579687],[127.06413006,37.6460744],[127.06416458,37.64635193],[127.06426682,37.64661879],[127.06443284,37.64686473],[127.06465628,37.6470803],[127.06492853,37.64725721],[127.06523915,37.64738867],[127.06557618,37.64746962],[127.06592669,37.64749696],[127.06627719,37.64746962],[127.06661423,37.64738867],[127.06692484,37.64725721],[127.0671971,37.6470803],[127.06742053,37.64686473],[127.06758656,37.64661879],[127.0676888,37.64635193],[127.06772332,37.6460744]]]}",2020
서울특별시 강남구 청담동(스타벅스 청담점 부근),서울특별시 강남구1,5,9,0,0,9,37.524665766713,127.052190456925,"{""type"":""Polygon"",""coordinates"":[[[127.05398709,37.52466577],[127.05395257,37.52438778],[127.05385033,37.52412048],[127.0536843,37.52387413],[127.05346087,37.52365821],[127.05318861,37.523481],[127.052878,37.52334933],[127.05254096,37.52326824],[127.05219046,37.52324086],[127.05183995,37.52326824],[127.05150292,37.52334933],[127.0511923,37.523481],[127.05092005,37.52365821],[127.05069661,37.52387413],[127.05053059,37.52412048],[127.05042835,37.52438778],[127.05039383,37.52466577],[127.05042835,37.52494375],[127.05053059,37.52521105],[127.05069661,37.52545739],[127.05092005,37.52567331],[127.0511923,37.52585051],[127.05150292,37.52598218],[127.05183995,37.52606327],[127.05219046,37.52609064],[127.05254096,37.52606327],[127.052878,37.52598218],[127.05318861,37.52585051],[127.05346087,37.52567331],[127.0536843,37.52545739],[127.05385033,37.52521105],[127.05395257,37.52494375],[127.05398709,37.52466577]]]}",2020
경기도 부천시 소사본동(소사삼거리 부근),경기도 부천시1,3,3,0,1,2,37.481142460257,126.794387339505,"{""type"":""Polygon"",""coordinates"":[[[126.79618397,37.48114246],[126.79614945,37.48086432],[126.79604721,37.48059686],[126.79588118,37.48035037],[126.79565775,37.48013432],[126.79538549,37.47995701],[126.79507488,37.47982525],[126.79473784,37.47974412],[126.79438734,37.47971672],[126.79403683,37.47974412],[126.7936998,37.47982525],[126.79338919,37.47995701],[126.79311693,37.48013432],[126.7928935,37.48035037],[126.79272747,37.48059686],[126.79262523,37.48086432],[126.79259071,37.48114246],[126.79262523,37.4814206],[126.79272747,37.48168806],[126.7928935,37.48193455],[126.79311693,37.48215059],[126.79338919,37.4823279],[126.7936998,37.48245964],[126.79403683,37.48254078],[126.79438734,37.48256817],[126.79473784,37.48254078],[126.79507488,37.48245964],[126.79538549,37.4823279],[126.79565775,37.48215059],[126.79588118,37.48193455],[126.79604721,37.48168806],[126.79614945,37.4814206],[126.79618397,37.48114246]]]}",2020
경기도 부천시 오정동(봉오대로사거리 부근),경기도 부천시2,2,3,1,2,0,37.532219284993,126.78897113561,"{""type"":""Polygon"",""coordinates"":[[[126.79076777,37.53221928],[126.79073324,37.53194133],[126.79063101,37.53167406],[126.79046498,37.53142773],[126.79024155,37.53121183],[126.78996929,37.53103464],[126.78965868,37.53090298],[126.78932164,37.5308219],[126.78897114,37.53079452],[126.78862063,37.5308219],[126.78828359,37.53090298],[126.78797298,37.53103464],[126.78770073,37.53121183],[126.78747729,37.53142773],[126.78731127,37.53167406],[126.78720903,37.53194133],[126.78717451,37.53221928],[126.78720903,37.53249724],[126.78731127,37.53276451],[126.78747729,37.53301083],[126.78770073,37.53322673],[126.78797298,37.53340391],[126.78828359,37.53353557],[126.78862063,37.53361664],[126.78897114,37.53364402],[126.78932164,37.53361664],[126.78965868,37.53353557],[126.78996929,37.53340391],[126.79024155,37.53322673],[126.79046498,37.53301083],[126.79063101,37.53276451],[126.79073324,37.53249724],[126.79076777,37.53221928]]]}",2020
경기도 평택시 장안동(그린주유소 부근),경기도 평택시1,3,5,0,0,3,37.057581447427,127.094394876124,"{""type"":""Polygon"",""coordinates"":[[[127.09619151,37.05758145],[127.09615698,37.05730173],[127.09605475,37.05703277],[127.09588872,37.05678489],[127.09566529,37.05656762],[127.09539303,37.05638931],[127.09508242,37.05625681],[127.09474538,37.05617522],[127.09439488,37.05614767],[127.09404437,37.05617522],[127.09370734,37.05625681],[127.09339672,37.05638931],[127.09312447,37.05656762],[127.09290103,37.05678489],[127.09273501,37.05703277],[127.09263277,37.05730173],[127.09259825,37.05758145],[127.09263277,37.05786116],[127.09273501,37.05813012],[127.09290103,37.058378],[127.09312447,37.05859527],[127.09339672,37.05877357],[127.09370734,37.05890606],[127.09404437,37.05898765],[127.09439488,37.0590152],[127.09474538,37.05898765],[127.09508242,37.05890606],[127.09539303,37.05877357],[127.09566529,37.05859527],[127.09588872,37.058378],[127.09605475,37.05813012],[127.09615698,37.05786116],[127.09619151,37.05758145]]]}",2020
경기도 안성시 양성면(만세고개 부근),경기도 안성시1,3,8,0,1,4,37.062346111385,127.181546662949,"{""type"":""Polygon"",""coordinates"":[[[127.18334329,37.06234611],[127.18330877,37.06206641],[127.18320653,37.06179747],[127.18304051,37.0615496],[127.18281707,37.06133234],[127.18254482,37.06115404],[127.1822342,37.06102156],[127.18189717,37.06093997],[127.18154666,37.06091242],[127.18119616,37.06093997],[127.18085912,37.06102156],[127.18054851,37.06115404],[127.18027625,37.06133234],[127.18005282,37.0615496],[127.17988679,37.06179747],[127.17978455,37.06206641],[127.17975003,37.06234611],[127.17978455,37.06262581],[127.17988679,37.06289475],[127.18005282,37.06314261],[127.18027625,37.06335987],[127.18054851,37.06353816],[127.18085912,37.06367064],[127.18119616,37.06375223],[127.18154666,37.06377977],[127.18189717,37.06375223],[127.1822342,37.06367064],[127.18254482,37.06353816],[127.18281707,37.06335987],[127.18304051,37.06314261],[127.18320653,37.06289475],[127.18330877,37.06262581],[127.18334329,37.06234611]]]}",2020
경기도 양주시 덕계동(스타프라자 부근),경기도 양주시1,3,3,0,1,2,37.818377566073,127.045990873381,"{""type"":""Polygon"",""coordinates"":[[[127.0477875,37.81837757],[127.04775298,37.81810068],[127.04765074,37.81783444],[127.04748472,37.81758906],[127.04726128,37.81737399],[127.04698903,37.81719748],[127.04667841,37.81706633],[127.04634138,37.81698556],[127.04599087,37.81695829],[127.04564037,37.81698556],[127.04530333,37.81706633],[127.04499272,37.81719748],[127.04472046,37.81737399],[127.04449703,37.81758906],[127.044331,37.81783444],[127.04422876,37.81810068],[127.04419424,37.81837757],[127.04422876,37.81865445],[127.044331,37.81892069],[127.04449703,37.81916606],[127.04472046,37.81938113],[127.04499272,37.81955763],[127.04530333,37.81968878],[127.04564037,37.81976955],[127.04599087,37.81979682],[127.04634138,37.81976955],[127.04667841,37.81968878],[127.04698903,37.81955763],[127.04726128,37.81938113],[127.04748472,37.81916606],[127.04765074,37.81892069],[127.04775298,37.81865445],[127.0477875,37.81837757]]]}",2020
강원도 춘천시 서면(서상대교 부근),강원도 춘천시1,2,6,1,2,3,37.962987437721,127.669874210028,"{""type"":""Polygon"",""coordinates"":[[[127.67167084,37.96298744],[127.67163632,37.9627111],[127.67153408,37.96244537],[127.67136805,37.96220048],[127.67114462,37.96198583],[127.67087236,37.96180967],[127.67056175,37.96167877],[127.67022472,37.96159816],[127.66987421,37.96157095],[127.6695237,37.96159816],[127.66918667,37.96167877],[127.66887606,37.96180967],[127.6686038,37.96198583],[127.66838037,37.96220048],[127.66821434,37.96244537],[127.6681121,37.9627111],[127.66807758,37.96298744],[127.6681121,37.96326378],[127.66821434,37.9635295],[127.66838037,37.96377439],[127.6686038,37.96398903],[127.66887606,37.96416519],[127.66918667,37.96429608],[127.6695237,37.96437669],[127.66987421,37.9644039],[127.67022472,37.96437669],[127.67056175,37.96429608],[127.67087236,37.96416519],[127.67114462,37.96398903],[127.67136805,37.96377439],[127.67153408,37.9635295],[127.67163632,37.96326378],[127.67167084,37.96298744]]]}",2020
강원도 원주시 단계동(백간사거리 부근),강원도 원주시1,3,3,0,0,3,37.351868500832,127.927686648021,"{""type"":""Polygon"",""coordinates"":[[[127.92948328,37.3518685],[127.92944876,37.35158988],[127.92934652,37.35132196],[127.92918049,37.35107504],[127.92895706,37.35085861],[127.9286848,37.350681],[127.92837419,37.35054902],[127.92803715,37.35046774],[127.92768665,37.3504403],[127.92733614,37.35046774],[127.92699911,37.35054902],[127.92668849,37.350681],[127.92641624,37.35085861],[127.9261928,37.35107504],[127.92602678,37.35132196],[127.92592454,37.35158988],[127.92589002,37.3518685],[127.92592454,37.35214713],[127.92602678,37.35241504],[127.9261928,37.35266195],[127.92641624,37.35287837],[127.92668849,37.35305598],[127.92699911,37.35318796],[127.92733614,37.35326923],[127.92768665,37.35329667],[127.92803715,37.35326923],[127.92837419,37.35318796],[127.9286848,37.35305598],[127.92895706,37.35287837],[127.92918049,37.35266195],[127.92934652,37.35241504],[127.92944876,37.35214713],[127.92948328,37.3518685]]]}",2020
강원도 영월군 중동면(연상교 부근),강원도 영월군1,3,8,0,1,4,37.194889160407,128.592248793048,"{""type"":""Polygon"",""coordinates"":[[[128.59404542,37.19488916],[128.5940109,37.19460995],[128.59390866,37.19434147],[128.59374264,37.19409404],[128.5935192,37.19387717],[128.59324695,37.19369918],[128.59293633,37.19356692],[128.5925993,37.19348548],[128.59224879,37.19345798],[128.59189829,37.19348548],[128.59156125,37.19356692],[128.59125064,37.19369918],[128.59097838,37.19387717],[128.59075495,37.19409404],[128.59058892,37.19434147],[128.59048668,37.19460995],[128.59045216,37.19488916],[128.59048668,37.19516837],[128.59058892,37.19543684],[128.59075495,37.19568427],[128.59097838,37.19590114],[128.59125064,37.19607912],[128.59156125,37.19621137],[128.59189829,37.19629281],[128.59224879,37.19632031],[128.5925993,37.19629281],[128.59293633,37.19621137],[128.59324695,37.19607912],[128.5935192,37.19590114],[128.59374264,37.19568427],[128.59390866,37.19543684],[128.5940109,37.19516837],[128.59404542,37.19488916]]]}",2020
충청북도 충주시 풍동(노루목교 부근),충청북도 충주시1,3,10,0,1,9,36.938854456369,127.920786715635,"{""type"":""Polygon"",""coordinates"":[[[127.92258335,36.93885446],[127.92254882,36.9385743],[127.92244659,36.93830492],[127.92228056,36.93805665],[127.92205713,36.93783904],[127.92178487,36.93766045],[127.92147426,36.93752775],[127.92113722,36.93744603],[127.92078672,36.93741844],[127.92043621,36.93744603],[127.92009917,36.93752775],[127.91978856,36.93766045],[127.91951631,36.93783904],[127.91929287,36.93805665],[127.91912685,36.93830492],[127.91902461,36.9385743],[127.91899009,36.93885446],[127.91902461,36.93913461],[127.91912685,36.93940399],[127.91929287,36.93965225],[127.91951631,36.93986986],[127.91978856,36.94004844],[127.92009917,36.94018114],[127.92043621,36.94026286],[127.92078672,36.94029045],[127.92113722,36.94026286],[127.92147426,36.94018114],[127.92178487,36.94004844],[127.92205713,36.93986986],[127.92228056,36.93965225],[127.92244659,36.93940399],[127.92254882,36.93913461],[127.92258335,36.93885446]]]}",2020
충청남도 서산시 부석면(취개재 부근),충청남도 서산시1,2,3,1,1,0,36.723035753398,126.402637378114,"{""type"":""Polygon"",""coordinates"":[[[126.40443401,36.72303575],[126.40439949,36.72275481],[126.40429725,36.72248466],[126.40413122,36.72223569],[126.40390779,36.72201747],[126.40363553,36.72183838],[126.40332492,36.7217053],[126.40298788,36.72162335],[126.40263738,36.72159568],[126.40228687,36.72162335],[126.40194984,36.7217053],[126.40163922,36.72183838],[126.40136697,36.72201747],[126.40114353,36.72223569],[126.40097751,36.72248466],[126.40087527,36.72275481],[126.40084075,36.72303575],[126.40087527,36.7233167],[126.40097751,36.72358684],[126.40114353,36.72383581],[126.40136697,36.72405402],[126.40163922,36.72423311],[126.40194984,36.72436619],[126.40228687,36.72444813],[126.40263738,36.7244758],[126.40298788,36.72444813],[126.40332492,36.72436619],[126.40363553,36.72423311],[126.40390779,36.72405402],[126.40413122,36.72383581],[126.40429725,36.72358684],[126.40439949,36.7233167],[126.40443401,36.72303575]]]}",2020
충청남도 당진시 송산면(봉화마을입구 부근),충청남도 당진시1,2,8,1,4,3,36.944471237858,126.68258595378,"{""type"":""Polygon"",""coordinates"":[[[126.68438258,36.94447124],[126.68434806,36.94419111],[126.68424582,36.94392174],[126.6840798,36.94367349],[126.68385636,36.9434559],[126.68358411,36.94327732],[126.68327349,36.94314463],[126.68293646,36.94306292],[126.68258595,36.94303532],[126.68223545,36.94306292],[126.68189841,36.94314463],[126.6815878,36.94327732],[126.68131554,36.9434559],[126.68109211,36.94367349],[126.68092608,36.94392174],[126.68082384,36.94419111],[126.68078932,36.94447124],[126.68082384,36.94475137],[126.68092608,36.94502073],[126.68109211,36.94526898],[126.68131554,36.94548657],[126.6815878,36.94566514],[126.68189841,36.94579783],[126.68223545,36.94587953],[126.68258595,36.94590712],[126.68293646,36.94587953],[126.68327349,36.94579783],[126.68358411,36.94566514],[126.68385636,36.94548657],[126.6840798,36.94526898],[126.68424582,36.94502073],[126.68434806,36.94475137],[126.68438258,36.94447124]]]}",2020
충청남도 부여군 규암면(부여대교 부근),충청남도 부여군1,2,3,1,1,1,36.265722222803,126.891904622302,"{""type"":""Polygon"",""coordinates"":[[[126.89370125,36.26572222],[126.89366673,36.26543962],[126.89356449,36.26516787],[126.89339847,36.26491742],[126.89317503,36.26469791],[126.89290278,36.26451775],[126.89259216,36.26438389],[126.89225513,36.26430145],[126.89190462,36.26427362],[126.89155412,36.26430145],[126.89121708,36.26438389],[126.89090647,36.26451775],[126.89063421,36.26469791],[126.89041078,36.26491742],[126.89024475,36.26516787],[126.89014251,36.26543962],[126.89010799,36.26572222],[126.89014251,36.26600483],[126.89024475,36.26627657],[126.89041078,36.26652701],[126.89063421,36.26674652],[126.89090647,36.26692667],[126.89121708,36.26706054],[126.89155412,36.26714297],[126.89190462,36.2671708],[126.89225513,36.26714297],[126.89259216,36.26706054],[126.89290278,36.26692667],[126.89317503,36.26674652],[126.89339847,36.26652701],[126.89356449,36.26627657],[126.89366673,36.26600483],[126.89370125,36.26572222]]]}",2020
충청남도 예산군 오가면(원천1교 부근),충청남도 예산군1,2,7,1,4,2,36.696109040501,126.796738894885,"{""type"":""Polygon"",""coordinates"":[[[126.79853553,36.69610904],[126.798501,36.695828],[126.79839877,36.69555776],[126.79823274,36.6953087],[126.7980093,36.6950904],[126.79773705,36.69491124],[126.79742644,36.69477812],[126.7970894,36.69469614],[126.79673889,36.69466846],[126.79638839,36.69469614],[126.79605135,36.69477812],[126.79574074,36.69491124],[126.79546849,36.6950904],[126.79524505,36.6953087],[126.79507902,36.69555776],[126.79497679,36.695828],[126.79494226,36.69610904],[126.79497679,36.69639008],[126.79507902,36.69666032],[126.79524505,36.69690937],[126.79546849,36.69712767],[126.79574074,36.69730682],[126.79605135,36.69743994],[126.79638839,36.69752191],[126.79673889,36.69754959],[126.7970894,36.69752191],[126.79742644,36.69743994],[126.79773705,36.69730682],[126.7980093,36.69712767],[126.79823274,36.69690937],[126.79839877,36.69666032],[126.798501,36.69639008],[126.79853553,36.69610904]]]}",2020
전라북도 익산시 인화동1가(옥류화면세점 부근),전라북도 익산시1,3,4,0,1,3,35.930287950929,126.946724487446,"{""type"":""Polygon"",""coordinates"":[[[126.94852112,35.93028795],[126.9484866,35.93000414],[126.94838436,35.92973123],[126.94821833,35.92947971],[126.9479949,35.92925925],[126.94772264,35.92907833],[126.94741203,35.92894389],[126.94707499,35.9288611],[126.94672449,35.92883315],[126.94637398,35.9288611],[126.94603695,35.92894389],[126.94572633,35.92907833],[126.94545408,35.92925925],[126.94523064,35.92947971],[126.94506462,35.92973123],[126.94496238,35.93000414],[126.94492786,35.93028795],[126.94496238,35.93057177],[126.94506462,35.93084467],[126.94523064,35.93109618],[126.94545408,35.93131664],[126.94572633,35.93149755],[126.94603695,35.93163199],[126.94637398,35.93171477],[126.94672449,35.93174273],[126.94707499,35.93171477],[126.94741203,35.93163199],[126.94772264,35.93149755],[126.9479949,35.93131664],[126.94821833,35.93109618],[126.94838436,35.93084467],[126.9484866,35.93057177],[126.94852112,35.93028795]]]}",2020
전라북도 정읍시 수성동(시청삼거리 부근),전라북도 정읍시1,3,6,0,0,6,35.569118150583,126.856558182115,"{""type"":""Polygon"",""coordinates"":[[[126.85835481,35.56911815],[126.85832029,35.56883304],[126.85821805,35.56855889],[126.85805203,35.56830623],[126.85782859,35.56808477],[126.85755634,35.56790303],[126.85724572,35.56776798],[126.85690869,35.56768481],[126.85655818,35.56765673],[126.85620768,35.56768481],[126.85587064,35.56776798],[126.85556003,35.56790303],[126.85528777,35.56808477],[126.85506434,35.56830623],[126.85489831,35.56855889],[126.85479607,35.56883304],[126.85476155,35.56911815],[126.85479607,35.56940326],[126.85489831,35.5696774],[126.85506434,35.56993006],[126.85528777,35.57015151],[126.85556003,35.57033326],[126.85587064,35.5704683],[126.85620768,35.57055146],[126.85655818,35.57057954],[126.85690869,35.57055146],[126.85724572,35.5704683],[126.85755634,35.57033326],[126.85782859,35.57015151],[126.85805203,35.56993006],[126.85821805,35.5696774],[126.85832029,35.56940326],[126.85835481,35.56911815]]]}",2020
전라북도 정읍시 북면(우성공업사 부근),전라북도 정읍시2,2,5,2,3,0,35.585269031142,126.876944684251,"{""type"":""Polygon"",""coordinates"":[[[126.87874131,35.58526903],[126.87870679,35.58498398],[126.87860455,35.58470989],[126.87843853,35.58445728],[126.87821509,35.58423586],[126.87794284,35.58405415],[126.87763223,35.58391913],[126.87729519,35.58383598],[126.87694468,35.58380791],[126.87659418,35.58383598],[126.87625714,35.58391913],[126.87594653,35.58405415],[126.87567427,35.58423586],[126.87545084,35.58445728],[126.87528481,35.58470989],[126.87518258,35.58498398],[126.87514805,35.58526903],[126.87518258,35.58555408],[126.87528481,35.58582817],[126.87545084,35.58608078],[126.87567427,35.58630219],[126.87594653,35.58648389],[126.87625714,35.58661891],[126.87659418,35.58670205],[126.87694468,35.58673013],[126.87729519,35.58670205],[126.87763223,35.58661891],[126.87794284,35.58648389],[126.87821509,35.58630219],[126.87843853,35.58608078],[126.87860455,35.58582817],[126.87870679,35.58555408],[126.87874131,35.58526903]]]}",2020
전라북도 김제시 백구면(공덕IC교 부근),전라북도 김제시1,3,6,1,1,4,35.886678392295,126.903159230315,"{""type"":""Polygon"",""coordinates"":[[[126.90495586,35.88667839],[126.90492134,35.88639442],[126.9048191,35.88612136],[126.90465307,35.88586971],[126.90442964,35.88564913],[126.90415738,35.8854681],[126.90384677,35.88533359],[126.90350974,35.88525076],[126.90315923,35.88522279],[126.90280873,35.88525076],[126.90247169,35.88533359],[126.90216108,35.8854681],[126.90188882,35.88564913],[126.90166539,35.88586971],[126.90149936,35.88612136],[126.90139712,35.88639442],[126.9013626,35.88667839],[126.90139712,35.88696236],[126.90149936,35.88723542],[126.90166539,35.88748707],[126.90188882,35.88770764],[126.90216108,35.88788866],[126.90247169,35.88802317],[126.90280873,35.888106],[126.90315923,35.88813397],[126.90350974,35.888106],[126.90384677,35.88802317],[126.90415738,35.88788866],[126.90442964,35.88770764],[126.90465307,35.88748707],[126.9048191,35.88723542],[126.90492134,35.88696236],[126.90495586,35.88667839]]]}",2020
전라북도 김제시 황산동(흥농기공사 부근),전라북도 김제시2,2,2,1,0,1,35.784157372466,126.91422821646,"{""type"":""Polygon"",""coordinates"":[[[126.91602485,35.78415737],[126.91599033,35.78387303],[126.91588809,35.78359962],[126.91572206,35.78334764],[126.91549863,35.78312678],[126.91522637,35.78294552],[126.91491576,35.78281083],[126.91457872,35.78272789],[126.91422822,35.78269989],[126.91387771,35.78272789],[126.91354068,35.78281083],[126.91323006,35.78294552],[126.91295781,35.78312678],[126.91273437,35.78334764],[126.91256835,35.78359962],[126.91246611,35.78387303],[126.91243159,35.78415737],[126.91246611,35.78444171],[126.91256835,35.78471512],[126.91273437,35.7849671],[126.91295781,35.78518795],[126.91323006,35.78536921],[126.91354068,35.78550389],[126.91387771,35.78558683],[126.91422822,35.78561483],[126.91457872,35.78558683],[126.91491576,35.78550389],[126.91522637,35.78536921],[126.91549863,35.78518795],[126.91572206,35.7849671],[126.91588809,35.78471512],[126.91599033,35.78444171],[126.91602485,35.78415737]]]}",2020
경상북도 경주시 강동면(강동자동차매매단지 부근),경상북도 경주시1,2,3,1,1,1,35.984904905638,129.251928097805,"{""type"":""Polygon"",""coordinates"":[[[129.25372473,35.98490491],[129.25369021,35.98462129],[129.25358797,35.98434857],[129.25342194,35.98409722],[129.25319851,35.98387692],[129.25292625,35.98369612],[129.25261564,35.98356177],[129.2522786,35.98347904],[129.2519281,35.98345111],[129.25157759,35.98347904],[129.25124056,35.98356177],[129.25092994,35.98369612],[129.25065769,35.98387692],[129.25043425,35.98409722],[129.25026823,35.98434857],[129.25016599,35.98462129],[129.25013147,35.98490491],[129.25016599,35.98518852],[129.25026823,35.98546124],[129.25043425,35.98571258],[129.25065769,35.98593288],[129.25092994,35.98611367],[129.25124056,35.98624801],[129.25157759,35.98633074],[129.2519281,35.98635868],[129.2522786,35.98633074],[129.25261564,35.98624801],[129.25292625,35.98611367],[129.25319851,35.98593288],[129.25342194,35.98571258],[129.25358797,35.98546124],[129.25369021,35.98518852],[129.25372473,35.98490491]]]}",2020
경상북도 안동시 이천동(두우교 부근),경상북도 안동시1,3,5,1,2,2,36.599725577075,128.700641692461,"{""type"":""Polygon"",""coordinates"":[[[128.70243832,36.59972558],[128.7024038,36.59944418],[128.70230156,36.5991736],[128.70213554,36.59892423],[128.7019121,36.59870566],[128.70163985,36.59852628],[128.70132923,36.59839299],[128.7009922,36.59831091],[128.70064169,36.59828319],[128.70029119,36.59831091],[128.69995415,36.59839299],[128.69964354,36.59852628],[128.69937128,36.59870566],[128.69914785,36.59892423],[128.69898182,36.5991736],[128.69887958,36.59944418],[128.69884506,36.59972558],[128.69887958,36.60000697],[128.69898182,36.60027755],[128.69914785,36.60052691],[128.69937128,36.60074548],[128.69964354,36.60092486],[128.69995415,36.60105814],[128.70029119,36.60114022],[128.70064169,36.60116794],[128.7009922,36.60114022],[128.70132923,36.60105814],[128.70163985,36.60092486],[128.7019121,36.60074548],[128.70213554,36.60052691],[128.70230156,36.60027755],[128.7024038,36.60000697],[128.70243832,36.59972558]]]}",2020
경상북도 영천시 청통면(삼부천교 부근),경상북도 영천시1,2,3,2,0,1,36.000822547923,128.893372152704,"{""type"":""Polygon"",""coordinates"":[[[128.89516878,36.00082255],[128.89513426,36.00053899],[128.89503202,36.00026632],[128.894866,36.00001503],[128.89464256,35.99979477],[128.89437031,35.99961401],[128.89405969,35.99947969],[128.89372266,35.99939697],[128.89337215,35.99936905],[128.89302165,35.99939697],[128.89268461,35.99947969],[128.892374,35.99961401],[128.89210174,35.99979477],[128.89187831,36.00001503],[128.89171228,36.00026632],[128.89161004,36.00053899],[128.89157552,36.00082255],[128.89161004,36.00110611],[128.89171228,36.00137877],[128.89187831,36.00163006],[128.89210174,36.00185031],[128.892374,36.00203107],[128.89268461,36.00216539],[128.89302165,36.0022481],[128.89337215,36.00227602],[128.89372266,36.0022481],[128.89405969,36.00216539],[128.89437031,36.00203107],[128.89464256,36.00185031],[128.894866,36.00163006],[128.89503202,36.00137877],[128.89513426,36.00110611],[128.89516878,36.00082255]]]}",2020
경상북도 문경시 마성면(인효마을입구 부근),경상북도 문경시1,3,5,0,3,2,36.651138160099,128.084788364592,"{""type"":""Polygon"",""coordinates"":[[[128.086585,36.65113816],[128.08655047,36.65085695],[128.08644823,36.65058655],[128.08628221,36.65033735],[128.08605877,36.65011892],[128.08578652,36.64993966],[128.08547591,36.64980646],[128.08513887,36.64972443],[128.08478836,36.64969674],[128.08443786,36.64972443],[128.08410082,36.64980646],[128.08379021,36.64993966],[128.08351795,36.65011892],[128.08329452,36.65033735],[128.08312849,36.65058655],[128.08302626,36.65085695],[128.08299173,36.65113816],[128.08302626,36.65141936],[128.08312849,36.65168976],[128.08329452,36.65193896],[128.08351795,36.65215738],[128.08379021,36.65233664],[128.08410082,36.65246984],[128.08443786,36.65255186],[128.08478836,36.65257956],[128.08513887,36.65255186],[128.08547591,36.65246984],[128.08578652,36.65233664],[128.08605877,36.65215738],[128.08628221,36.65193896],[128.08644823,36.65168976],[128.08655047,36.65141936],[128.086585,36.65113816]]]}",2020
경상북도 군위군 소보면(상주영천고속도로),경상북도 군위군1,2,32,6,13,12,36.25876085503,128.445582581972,"{""type"":""Polygon"",""coordinates"":[[[128.44737921,36.25876086],[128.44734469,36.25847822],[128.44724245,36.25820645],[128.44707643,36.25795598],[128.44685299,36.25773645],[128.44658074,36.25755628],[128.44627012,36.2574224],[128.44593309,36.25733996],[128.44558258,36.25731212],[128.44523208,36.25733996],[128.44489504,36.2574224],[128.44458443,36.25755628],[128.44431217,36.25773645],[128.44408874,36.25795598],[128.44392271,36.25820645],[128.44382047,36.25847822],[128.44378595,36.25876086],[128.44382047,36.25904349],[128.44392271,36.25931525],[128.44408874,36.25956572],[128.44431217,36.25978525],[128.44458443,36.25996541],[128.44489504,36.26009929],[128.44523208,36.26018173],[128.44558258,36.26020956],[128.44593309,36.26018173],[128.44627012,36.26009929],[128.44658074,36.25996541],[128.44685299,36.25978525],[128.44707643,36.25956572],[128.44724245,36.25931525],[128.44734469,36.25904349],[128.44737921,36.25876086]]]}",2020
경상북도 성주군 선남면(현대주유소),경상북도 성주군1,2,10,1,6,3,35.911795823919,128.324049000162,"{""type"":""Polygon"",""coordinates"":[[[128.32584563,35.91179582],[128.32581111,35.91151194],[128.32570887,35.91123897],[128.32554284,35.91098739],[128.32531941,35.91076689],[128.32504715,35.91058592],[128.32473654,35.91045145],[128.32439951,35.91036864],[128.324049,35.91034068],[128.32369849,35.91036864],[128.32336146,35.91045145],[128.32305085,35.91058592],[128.32277859,35.91076689],[128.32255516,35.91098739],[128.32238913,35.91123897],[128.32228689,35.91151194],[128.32225237,35.91179582],[128.32228689,35.9120797],[128.32238913,35.91235268],[128.32255516,35.91260425],[128.32277859,35.91282475],[128.32305085,35.91300571],[128.32336146,35.91314018],[128.32369849,35.91322298],[128.324049,35.91325094],[128.32439951,35.91322298],[128.32473654,35.91314018],[128.32504715,35.91300571],[128.32531941,35.91282475],[128.32554284,35.91260425],[128.32570887,35.91235268],[128.32581111,35.9120797],[128.32584563,35.91179582]]]}",2020
경상북도 봉화군 소천면(고선2리 마을입구 부근),경상북도 봉화군1,3,4,1,0,2,36.955601330238,128.993200312745,"{""type"":""Polygon"",""coordinates"":[[[128.99499694,36.95560133],[128.99496242,36.95532124],[128.99486018,36.95505191],[128.99469416,36.9548037],[128.99447072,36.95458614],[128.99419847,36.95440759],[128.99388785,36.95427491],[128.99355082,36.95419321],[128.99320031,36.95416563],[128.99284981,36.95419321],[128.99251277,36.95427491],[128.99220216,36.95440759],[128.9919299,36.95458614],[128.99170647,36.9548037],[128.99154044,36.95505191],[128.9914382,36.95532124],[128.99140368,36.95560133],[128.9914382,36.95588142],[128.99154044,36.95615074],[128.99170647,36.95639895],[128.9919299,36.95661651],[128.99220216,36.95679505],[128.99251277,36.95692772],[128.99284981,36.95700942],[128.99320031,36.95703701],[128.99355082,36.95700942],[128.99388785,36.95692772],[128.99419847,36.95679505],[128.99447072,36.95661651],[128.99469416,36.95639895],[128.99486018,36.95615074],[128.99496242,36.95588142],[128.99499694,36.95560133]]]}",2020
서울특별시 성북구 정릉동(아리랑로터리정릉길진 부근),서울특별시 성북구1,4,5,0,2,2,37.604144667343,127.012240994228,"{""type"":""Polygon"",""coordinates"":[[[127.01403762,37.60414467],[127.0140031,37.60386698],[127.01390086,37.60359996],[127.01373484,37.60335388],[127.0135114,37.60313818],[127.01323915,37.60296117],[127.01292853,37.60282963],[127.0125915,37.60274863],[127.01224099,37.60272128],[127.01189049,37.60274863],[127.01155345,37.60282963],[127.01124284,37.60296117],[127.01097058,37.60313818],[127.01074715,37.60335388],[127.01058112,37.60359996],[127.01047889,37.60386698],[127.01044436,37.60414467],[127.01047889,37.60442235],[127.01058112,37.60468937],[127.01074715,37.60493545],[127.01097058,37.60515114],[127.01124284,37.60532815],[127.01155345,37.60545968],[127.01189049,37.60554068],[127.01224099,37.60556803],[127.0125915,37.60554068],[127.01292853,37.60545968],[127.01323915,37.60532815],[127.0135114,37.60515114],[127.01373484,37.60493545],[127.01390086,37.60468937],[127.0140031,37.60442235],[127.01403762,37.60414467]]]}",2019
서울특별시 노원구 중계동(대진여고앞 부근),서울특별시 노원구1,3,4,0,1,3,37.646074399415,127.065926687468,"{""type"":""Polygon"",""coordinates"":[[[127.06772332,37.6460744],[127.0676888,37.64579687],[127.06758656,37.64553],[127.06742053,37.64528406],[127.0671971,37.64506848],[127.06692484,37.64489157],[127.06661423,37.6447601],[127.06627719,37.64467915],[127.06592669,37.64465182],[127.06557618,37.64467915],[127.06523915,37.6447601],[127.06492853,37.64489157],[127.06465628,37.64506848],[127.06443284,37.64528406],[127.06426682,37.64553],[127.06416458,37.64579687],[127.06413006,37.6460744],[127.06416458,37.64635193],[127.06426682,37.64661879],[127.06443284,37.64686473],[127.06465628,37.6470803],[127.06492853,37.64725721],[127.06523915,37.64738867],[127.06557618,37.64746962],[127.06592669,37.64749696],[127.06627719,37.64746962],[127.06661423,37.64738867],[127.06692484,37.64725721],[127.0671971,37.6470803],[127.06742053,37.64686473],[127.06758656,37.64661879],[127.0676888,37.64635193],[127.06772332,37.6460744]]]}",2019
서울특별시 강남구 청담동(영동대교남단삼거리도 부근),서울특별시 강남구1,5,9,0,0,9,37.524702219833,127.052369898653,"{""type"":""Polygon"",""coordinates"":[[[127.05416653,37.52470222],[127.05413201,37.52442424],[127.05402977,37.52415694],[127.05386374,37.52391059],[127.05364031,37.52369466],[127.05336805,37.52351746],[127.05305744,37.52338578],[127.0527204,37.52330469],[127.0523699,37.52327732],[127.05201939,37.52330469],[127.05168236,37.52338578],[127.05137174,37.52351746],[127.05109949,37.52369466],[127.05087605,37.52391059],[127.05071003,37.52415694],[127.05060779,37.52442424],[127.05057327,37.52470222],[127.05060779,37.5249802],[127.05071003,37.5252475],[127.05087605,37.52549384],[127.05109949,37.52570976],[127.05137174,37.52588696],[127.05168236,37.52601864],[127.05201939,37.52609972],[127.0523699,37.5261271],[127.0527204,37.52609972],[127.05305744,37.52601864],[127.05336805,37.52588696],[127.05364031,37.52570976],[127.05386374,37.52549384],[127.05402977,37.5252475],[127.05413201,37.5249802],[127.05416653,37.52470222]]]}",2019
경기도 광명시 노온사동(능촌사거리 부근),경기도 광명시1,3,6,0,0,5,37.442450802863,126.84689040357,"{""type"":""Polygon"",""coordinates"":[[[126.84868703,37.4424508],[126.84865251,37.44217251],[126.84855027,37.44190492],[126.84838425,37.4416583],[126.84816081,37.44144214],[126.84788856,37.44126473],[126.84757794,37.44113291],[126.84724091,37.44105174],[126.8468904,37.44102433],[126.8465399,37.44105174],[126.84620286,37.44113291],[126.84589225,37.44126473],[126.84561999,37.44144214],[126.84539656,37.4416583],[126.84523053,37.44190492],[126.84512829,37.44217251],[126.84509377,37.4424508],[126.84512829,37.44272909],[126.84523053,37.44299668],[126.84539656,37.4432433],[126.84561999,37.44345946],[126.84589225,37.44363685],[126.84620286,37.44376867],[126.8465399,37.44384984],[126.8468904,37.44387725],[126.84724091,37.44384984],[126.84757794,37.44376867],[126.84788856,37.44363685],[126.84816081,37.44345946],[126.84838425,37.4432433],[126.84855027,37.44299668],[126.84865251,37.44272909],[126.84868703,37.4424508]]]}",2019
경기도 평택시 청북읍(한산1리 부근),경기도 평택시1,3,5,0,3,2,37.046475230249,126.966668855884,"{""type"":""Polygon"",""coordinates"":[[[126.96846549,37.04647523],[126.96843096,37.04619548],[126.96832873,37.04592647],[126.9681627,37.04567855],[126.96793927,37.04546125],[126.96766701,37.04528291],[126.9673564,37.0451504],[126.96701936,37.0450688],[126.96666886,37.04504124],[126.96631835,37.0450688],[126.96598132,37.0451504],[126.9656707,37.04528291],[126.96539845,37.04546125],[126.96517501,37.04567855],[126.96500899,37.04592647],[126.96490675,37.04619548],[126.96487223,37.04647523],[126.96490675,37.04675498],[126.96500899,37.04702399],[126.96517501,37.0472719],[126.96539845,37.0474892],[126.9656707,37.04766753],[126.96598132,37.04780004],[126.96631835,37.04788164],[126.96666886,37.04790919],[126.96701936,37.04788164],[126.9673564,37.04780004],[126.96766701,37.04766753],[126.96793927,37.0474892],[126.9681627,37.0472719],[126.96832873,37.04702399],[126.96843096,37.04675498],[126.96846549,37.04647523]]]}",2019
경기도 평택시 장안동(스위스침대 부근),경기도 평택시2,3,5,0,0,3,37.057581447427,127.094394876124,"{""type"":""Polygon"",""coordinates"":[[[127.09619151,37.05758145],[127.09615698,37.05730173],[127.09605475,37.05703277],[127.09588872,37.05678489],[127.09566529,37.05656762],[127.09539303,37.05638931],[127.09508242,37.05625681],[127.09474538,37.05617522],[127.09439488,37.05614767],[127.09404437,37.05617522],[127.09370734,37.05625681],[127.09339672,37.05638931],[127.09312447,37.05656762],[127.09290103,37.05678489],[127.09273501,37.05703277],[127.09263277,37.05730173],[127.09259825,37.05758145],[127.09263277,37.05786116],[127.09273501,37.05813012],[127.09290103,37.058378],[127.09312447,37.05859527],[127.09339672,37.05877357],[127.09370734,37.05890606],[127.09404437,37.05898765],[127.09439488,37.0590152],[127.09474538,37.05898765],[127.09508242,37.05890606],[127.09539303,37.05877357],[127.09566529,37.05859527],[127.09588872,37.058378],[127.09605475,37.05813012],[127.09615698,37.05786116],[127.09619151,37.05758145]]]}",2019
경기도 안성시 양성면(만세로728 부근),경기도 안성시1,3,8,0,1,4,37.062417861996,127.181620765287,"{""type"":""Polygon"",""coordinates"":[[[127.1834174,37.06241786],[127.18338287,37.06213817],[127.18328064,37.06186922],[127.18311461,37.06162135],[127.18289117,37.06140409],[127.18261892,37.0612258],[127.18230831,37.06109331],[127.18197127,37.06101172],[127.18162077,37.06098417],[127.18127026,37.06101172],[127.18093322,37.06109331],[127.18062261,37.0612258],[127.18035036,37.06140409],[127.18012692,37.06162135],[127.1799609,37.06186922],[127.17985866,37.06213817],[127.17982413,37.06241786],[127.17985866,37.06269756],[127.1799609,37.0629665],[127.18012692,37.06321436],[127.18035036,37.06343162],[127.18062261,37.06360991],[127.18093322,37.06374239],[127.18127026,37.06382398],[127.18162077,37.06385152],[127.18197127,37.06382398],[127.18230831,37.06374239],[127.18261892,37.06360991],[127.18289117,37.06343162],[127.18311461,37.06321436],[127.18328064,37.0629665],[127.18338287,37.06269756],[127.1834174,37.06241786]]]}",2019
경기도 김포시 운양동(김포대로1216번길2 부근),경기도 김포시1,3,4,0,1,3,37.65017571264,126.700507709165,"{""type"":""Polygon"",""coordinates"":[[[126.70230434,37.65017571],[126.70226982,37.6498982],[126.70216758,37.64963135],[126.70200155,37.64938541],[126.70177812,37.64916985],[126.70150586,37.64899294],[126.70119525,37.64886149],[126.70085821,37.64878054],[126.70050771,37.64875321],[126.7001572,37.64878054],[126.69982017,37.64886149],[126.69950955,37.64899294],[126.6992373,37.64916985],[126.69901387,37.64938541],[126.69884784,37.64963135],[126.6987456,37.6498982],[126.69871108,37.65017571],[126.6987456,37.65045323],[126.69884784,37.65072007],[126.69901387,37.650966],[126.6992373,37.65118156],[126.69950955,37.65135846],[126.69982017,37.65148991],[126.7001572,37.65157086],[126.70050771,37.65159819],[126.70085821,37.65157086],[126.70119525,37.65148991],[126.70150586,37.65135846],[126.70177812,37.65118156],[126.70200155,37.650966],[126.70216758,37.65072007],[126.70226982,37.65045323],[126.70230434,37.65017571]]]}",2019
경기도 포천시 화현면(화현면화현리11051 부근),경기도 포천시1,3,8,0,2,6,37.894825938467,127.303611386158,"{""type"":""Polygon"",""coordinates"":[[[127.30540802,37.89482594],[127.30537349,37.89454934],[127.30527126,37.89428337],[127.30510523,37.89403825],[127.3048818,37.8938234],[127.30460954,37.89364708],[127.30429893,37.89351606],[127.30396189,37.89343538],[127.30361139,37.89340813],[127.30326088,37.89343538],[127.30292385,37.89351606],[127.30261323,37.89364708],[127.30234098,37.8938234],[127.30211754,37.89403825],[127.30195152,37.89428337],[127.30184928,37.89454934],[127.30181476,37.89482594],[127.30184928,37.89510254],[127.30195152,37.8953685],[127.30211754,37.89561362],[127.30234098,37.89582846],[127.30261323,37.89600478],[127.30292385,37.8961358],[127.30326088,37.89621648],[127.30361139,37.89624372],[127.30396189,37.89621648],[127.30429893,37.8961358],[127.30460954,37.89600478],[127.3048818,37.89582846],[127.30510523,37.89561362],[127.30527126,37.8953685],[127.30537349,37.89510254],[127.30540802,37.89482594]]]}",2019
강원도 원주시 일산동(일산초교길12 부근),강원도 원주시1,3,5,0,2,2,37.346389918161,127.942648165282,"{""type"":""Polygon"",""coordinates"":[[[127.9444448,37.34638992],[127.94441027,37.34611127],[127.94430804,37.34584333],[127.94414201,37.3455964],[127.94391857,37.34537996],[127.94364632,37.34520233],[127.94333571,37.34507034],[127.94299867,37.34498906],[127.94264817,37.34496161],[127.94229766,37.34498906],[127.94196062,37.34507034],[127.94165001,37.34520233],[127.94137776,37.34537996],[127.94115432,37.3455964],[127.9409883,37.34584333],[127.94088606,37.34611127],[127.94085153,37.34638992],[127.94088606,37.34666856],[127.9409883,37.3469365],[127.94115432,37.34718343],[127.94137776,37.34739986],[127.94165001,37.34757749],[127.94196062,37.34770947],[127.94229766,37.34779075],[127.94264817,37.34781819],[127.94299867,37.34779075],[127.94333571,37.34770947],[127.94364632,37.34757749],[127.94391857,37.34739986],[127.94414201,37.34718343],[127.94430804,37.3469365],[127.94441027,37.34666856],[127.9444448,37.34638992]]]}",2019
강원도 영월군 중동면(석항2터널서측 부근),강원도 영월군1,3,8,0,1,4,37.194889160407,128.592248793048,"{""type"":""Polygon"",""coordinates"":[[[128.59404542,37.19488916],[128.5940109,37.19460995],[128.59390866,37.19434147],[128.59374264,37.19409404],[128.5935192,37.19387717],[128.59324695,37.19369918],[128.59293633,37.19356692],[128.5925993,37.19348548],[128.59224879,37.19345798],[128.59189829,37.19348548],[128.59156125,37.19356692],[128.59125064,37.19369918],[128.59097838,37.19387717],[128.59075495,37.19409404],[128.59058892,37.19434147],[128.59048668,37.19460995],[128.59045216,37.19488916],[128.59048668,37.19516837],[128.59058892,37.19543684],[128.59075495,37.19568427],[128.59097838,37.19590114],[128.59125064,37.19607912],[128.59156125,37.19621137],[128.59189829,37.19629281],[128.59224879,37.19632031],[128.5925993,37.19629281],[128.59293633,37.19621137],[128.59324695,37.19607912],[128.5935192,37.19590114],[128.59374264,37.19568427],[128.59390866,37.19543684],[128.5940109,37.19516837],[128.59404542,37.19488916]]]}",2019
충청북도 충주시 풍동(단월동산488 부근),충청북도 충주시1,4,11,0,2,9,36.938881737303,127.920719486816,"{""type"":""Polygon"",""coordinates"":[[[127.92251612,36.93888174],[127.9224816,36.93860159],[127.92237936,36.9383322],[127.92221333,36.93808393],[127.9219899,36.93786632],[127.92171764,36.93768773],[127.92140703,36.93755503],[127.92106999,36.93747331],[127.92071949,36.93744572],[127.92036898,36.93747331],[127.92003195,36.93755503],[127.91972133,36.93768773],[127.91944908,36.93786632],[127.91922564,36.93808393],[127.91905962,36.9383322],[127.91895738,36.93860159],[127.91892286,36.93888174],[127.91895738,36.93916189],[127.91905962,36.93943127],[127.91922564,36.93967954],[127.91944908,36.93989714],[127.91972133,36.94007572],[127.92003195,36.94020842],[127.92036898,36.94029014],[127.92071949,36.94031773],[127.92106999,36.94029014],[127.92140703,36.94020842],[127.92171764,36.94007572],[127.9219899,36.93989714],[127.92221333,36.93967954],[127.92237936,36.93943127],[127.9224816,36.93916189],[127.92251612,36.93888174]]]}",2019
전라북도 정읍시 수성동(정읍시청삼거리 부근),전라북도 정읍시1,3,6,0,0,6,35.569118150583,126.856558182115,"{""type"":""Polygon"",""coordinates"":[[[126.85835481,35.56911815],[126.85832029,35.56883304],[126.85821805,35.56855889],[126.85805203,35.56830623],[126.85782859,35.56808477],[126.85755634,35.56790303],[126.85724572,35.56776798],[126.85690869,35.56768481],[126.85655818,35.56765673],[126.85620768,35.56768481],[126.85587064,35.56776798],[126.85556003,35.56790303],[126.85528777,35.56808477],[126.85506434,35.56830623],[126.85489831,35.56855889],[126.85479607,35.56883304],[126.85476155,35.56911815],[126.85479607,35.56940326],[126.85489831,35.5696774],[126.85506434,35.56993006],[126.85528777,35.57015151],[126.85556003,35.57033326],[126.85587064,35.5704683],[126.85620768,35.57055146],[126.85655818,35.57057954],[126.85690869,35.57055146],[126.85724572,35.5704683],[126.85755634,35.57033326],[126.85782859,35.57015151],[126.85805203,35.56993006],[126.85821805,35.5696774],[126.85832029,35.56940326],[126.85835481,35.56911815]]]}",2019
경상북도 안동시 이천동,경상북도 안동시1,3,5,1,2,2,36.599641664932,128.700684763692,"{""type"":""Polygon"",""coordinates"":[[[128.70248139,36.59964166],[128.70244687,36.59936027],[128.70234463,36.59908969],[128.70217861,36.59884032],[128.70195517,36.59862175],[128.70168292,36.59844237],[128.7013723,36.59830907],[128.70103527,36.59822699],[128.70068476,36.59819928],[128.70033426,36.59822699],[128.69999722,36.59830907],[128.69968661,36.59844237],[128.69941435,36.59862175],[128.69919092,36.59884032],[128.69902489,36.59908969],[128.69892265,36.59936027],[128.69888813,36.59964166],[128.69892265,36.59992306],[128.69902489,36.60019364],[128.69919092,36.600443],[128.69941435,36.60066157],[128.69968661,36.60084095],[128.69999722,36.60097423],[128.70033426,36.60105631],[128.70068476,36.60108402],[128.70103527,36.60105631],[128.7013723,36.60097423],[128.70168292,36.60084095],[128.70195517,36.60066157],[128.70217861,36.600443],[128.70234463,36.60019364],[128.70244687,36.59992306],[128.70248139,36.59964166]]]}",2019
경상북도 문경시 마성면((주)영창전자입구 부근),경상북도 문경시1,3,5,0,3,2,36.651329330785,128.08471580639,"{""type"":""Polygon"",""coordinates"":[[[128.08651244,36.65132933],[128.08647792,36.65104813],[128.08637568,36.65077773],[128.08620965,36.65052852],[128.08598622,36.6503101],[128.08571396,36.65013084],[128.08540335,36.64999763],[128.08506631,36.64991561],[128.08471581,36.64988791],[128.0843653,36.64991561],[128.08402827,36.64999763],[128.08371765,36.65013084],[128.0834454,36.6503101],[128.08322196,36.65052852],[128.08305594,36.65077773],[128.0829537,36.65104813],[128.08291918,36.65132933],[128.0829537,36.65161053],[128.08305594,36.65188093],[128.08322196,36.65213013],[128.0834454,36.65234855],[128.08371765,36.65252781],[128.08402827,36.652661],[128.0843653,36.65274303],[128.08471581,36.65277072],[128.08506631,36.65274303],[128.08540335,36.652661],[128.08571396,36.65252781],[128.08598622,36.65234855],[128.08620965,36.65213013],[128.08637568,36.65188093],[128.08647792,36.65161053],[128.08651244,36.65132933]]]}",2019
경상북도 봉화군 소천면,경상북도 봉화군1,3,4,1,0,2,36.955756867986,128.993158774859,"{""type"":""Polygon"",""coordinates"":[[[128.99495541,36.95575687],[128.99492088,36.95547678],[128.99481865,36.95520745],[128.99465262,36.95495924],[128.99442918,36.95474168],[128.99415693,36.95456313],[128.99384632,36.95443045],[128.99350928,36.95434875],[128.99315877,36.95432117],[128.99280827,36.95434875],[128.99247123,36.95443045],[128.99216062,36.95456313],[128.99188837,36.95474168],[128.99166493,36.95495924],[128.9914989,36.95520745],[128.99139667,36.95547678],[128.99136214,36.95575687],[128.99139667,36.95603696],[128.9914989,36.95630628],[128.99166493,36.95655449],[128.99188837,36.95677205],[128.99216062,36.95695059],[128.99247123,36.95708326],[128.99280827,36.95716496],[128.99315877,36.95719254],[128.99350928,36.95716496],[128.99384632,36.95708326],[128.99415693,36.95695059],[128.99442918,36.95677205],[128.99465262,36.95655449],[128.99481865,36.95630628],[128.99492088,36.95603696],[128.99495541,36.95575687]]]}",2019
